강좌명,강사명,교육시작일자,교육종료일자,교육시작시각,교육종료시각,강좌내용,교육대상구분,교육방법구분,운영요일,교육장소,강좌정원수,수강료,교육장도로명주소,운영기관명,운영기관전화번호,접수시작일자,접수종료일자,접수방법구분,선정방법구분,홈페이지주소,직업능력개발훈련비지원강좌여부,학점은행제평가(학점)인정여부,평생학습계좌제평가인정여부,데이터기준일자
평생교육 강사를 위한 장애 인권 감수성 향상 과정8,주은미,2026-09-03,2026-09-03,19:00,21:00,시민참여,성인,오프라인,목요일,대치평생학습관 2강의실,20,0,서울특별시 강남구 영동대로 57길 7,서울특별시 강남구청,02-3423-5288,2026-04-06,2026-05-10,인터넷,선착순,www.longlearn.go.kr,N,N,N,2026-04-08
평생교육 강사를 위한 장애 인권 감수성 향상 과정7,주은미,2026-08-31,2026-08-31,10:00,12:00,시민참여,성인,오프라인,월요일,일원평생학습센터 9강의실,20,0,서울특별시 강남구 영동대로22,서울특별시 강남구청,02-3423-7955,2026-04-06,2026-08-23,인터넷,선착순,www.longlearn.go.kr,N,N,N,2026-04-08
평생교육 강사를 위한 장애 인권 감수성 향상 과정6,주은미,2026-08-27,2026-08-27,19:00,21:00,시민참여,성인,오프라인,목요일,대치평생학습관 2강의실,20,0,서울특별시 강남구 영동대로 57길 7,서울특별시 강남구청,02-3423-5288,2026-04-06,2026-05-10,인터넷,선착순,www.longlearn.go.kr,N,N,N,2026-04-08
평생교육 강사를 위한 장애 인권 감수성 향상 과정5,주은미,2026-08-26,2026-08-26,14:00,16:00,시민참여,성인,오프라인,수요일,일원평생학습센터 2강의,20,0,서울특별시 강남구 영동대로22,서울특별시 강남구청,02-3423-7955,2026-04-28,2026-05-12,인터넷,선착순,www.longlearn.go.kr,N,N,N,2026-04-08
[논현2]AI와 디지털툴로 그림작가 되기(B/6회),문서현,2026-07-08,2026-08-12,19:00,21:00,디지털,성인,오프라인,수요일,논현글로벌평생학습센터 3층 2강의실,18,36000,서울특별시 강남구 논현로 131길 40,서울특별시 강남구청,02-788-4292,2026-04-28,2026-05-12,인터넷,선착순,www.longlearn.go.kr,N,N,N,2026-04-08
[논현2]스마트워크를 위한 노션 활용법(B/6회),이유미,2026-07-08,2026-08-19,19:00,21:00,디지털,성인,오프라인,수요일,논현글로벌평생학습센터 3층 1강의실,16,36000,서울특별시 강남구 논현로 131길 40,서울특별시 강남구청,02-788-4292,2026-04-28,2026-05-12,인터넷,선착순,www.longlearn.go.kr,N,N,N,2026-04-08
[논현2]퍼스널컬러 이미지브랜딩(B/6회),유지현,2026-07-08,2026-08-12,14:00,16:00,기타,성인,오프라인,수요일,논현글로벌평생학습센터 3층 2강의실,16,36000,서울특별시 강남구 논현로 131길 40,서울특별시 강남구청,02-788-4292,2026-04-28,2026-05-12,인터넷,선착순,www.longlearn.go.kr,N,N,N,2026-04-08
[일원2] 마음챙김 프로젝트 : 나의 차크라(건강) 이해하기 (B/6회),조혜현,2026-07-03,2026-08-14,14:00,16:00,기타,성인,오프라인,금요일,일원평생학습센터 강의실,18,36000,서울특별시 강남구 영동대로22,서울특별시 강남구청,02-3423-7955,2026-04-28,2026-05-12,인터넷,선착순,www.longlearn.go.kr,N,N,N,2026-04-08
[논현2]주한독일문화원과 함께하는 기초독일어Ⅱ(B/6회),Dubee Sohn,2026-07-03,2026-08-14,14:00,16:00,기타외국어,성인,오프라인,금요일,논현글로벌평생학습센터 3층 1강의실,16,36000,서울특별시 강남구 논현로 131길 40,서울특별시 강남구청,02-788-4292,2026-04-28,2026-05-12,인터넷,선착순,www.longlearn.go.kr,N,N,N,2026-04-08
"[일원2-저녁] 내 삶에 꼭 필요한 세금이야기(부동산 세금, 상속증여세 등)(B/6)",신관식,2026-07-02,2026-08-06,19:00,21:00,기타,성인,오프라인,목요일,일원평생학습센터 강의실,20,36000,서울특별시 강남구 영동대로22,서울특별시 강남구청,02-3423-7955,2026-04-28,2026-05-12,인터넷,선착순,www.longlearn.go.kr,N,N,N,2026-04-08
[개포2]수제 막걸리 클래스(B/4회),오미정,2026-07-02,2026-07-23,10:00,12:00,요리,성인,오프라인,목요일,개포평생학습센터 요리실,16,24000,서울특별시 강남구 개포로410,서울특별시 강남구청,02-529-1225,2026-04-28,2026-05-12,인터넷,선착순,www.longlearn.go.kr,N,N,N,2026-04-08
[수서2] 어린이 합창(B),이승주,2026-05-22,2026-08-14,16:00,16:50,초등,성인,오프라인,금요일,수서평생학습센터 음악강의실,12,36000,서울특별시 강남구 밤고개로165,서울특별시 강남구청,02-451-1225,2026-04-28,2026-05-12,인터넷,선착순,www.longlearn.go.kr,N,N,N,2026-04-08
[수서2] 어린이 합창(A),이승주,2026-05-22,2026-08-14,15:00,15:50,초등,성인,오프라인,금요일,수서평생학습센터 음악강의실,12,36000,서울특별시 강남구 밤고개로165,서울특별시 강남구청,02-451-1225,2026-04-28,2026-05-12,인터넷,선착순,www.longlearn.go.kr,N,N,N,2026-04-08
"[일원2] 6주 완성, AI와 함께 시니어 해외여행 (A/6회)",김도희,2026-05-22,2026-06-26,14:00,16:00,디지털,성인,오프라인,금요일,일원평생학습센터 강의실,16,36000,서울특별시 강남구 영동대로22,서울특별시 강남구청,02-3423-7955,2026-04-28,2026-05-12,인터넷,선착순,www.longlearn.go.kr,N,N,N,2026-04-08
"[일원2] 마음치유, 수묵캘리그라피",최남길,2026-05-22,2026-08-14,14:00,16:00,미술/서예,성인,오프라인,금요일,일원평생학습센터 강의실,16,72000,서울특별시 강남구 영동대로22,서울특별시 강남구청,02-3423-7955,2026-04-28,2026-05-12,인터넷,선착순,www.longlearn.go.kr,N,N,N,2026-04-08
[일원2] 실전 부동산경매 투자비법,정희철,2026-05-22,2026-08-14,14:00,16:00,기타,성인,오프라인,금요일,일원평생학습센터 강의실,35,72000,서울특별시 강남구 영동대로22,서울특별시 강남구청,02-3423-7955,2026-04-28,2026-05-12,인터넷,선착순,www.longlearn.go.kr,N,N,N,2026-04-08
[일원2] (시니어)스마트폰 AI 입문교실,배정희,2026-05-22,2026-08-14,14:00,16:00,디지털,성인,오프라인,금요일,일원평생학습센터 강의실,18,72000,서울특별시 강남구 영동대로22,서울특별시 강남구청,02-3423-7955,2026-04-28,2026-05-12,인터넷,선착순,www.longlearn.go.kr,N,N,N,2026-04-08
[일원2] 자개로 즐기는 공예생활 (A/6회),유수혜,2026-05-22,2026-06-26,14:00,16:00,도자기/공예,성인,오프라인,금요일,일원평생학습센터 강의실,16,36000,서울특별시 강남구 영동대로22,서울특별시 강남구청,02-3423-7955,2026-04-28,2026-05-12,인터넷,선착순,www.longlearn.go.kr,N,N,N,2026-04-08
[논현2]색연필로 그리는 컬러풀 세상,김민구,2026-05-22,2026-08-14,14:00,16:00,미술/서예,성인,오프라인,금요일,논현글로벌평생학습센터 3층 2강의실,16,72000,서울특별시 강남구 논현로 131길 40,서울특별시 강남구청,02-788-4292,2026-04-28,2026-05-12,인터넷,선착순,www.longlearn.go.kr,N,N,N,2026-04-08
[논현2]주한독일문화원과 함께하는 기초독일어 Ι(A/6회),Dubee Sohn,2026-05-22,2026-06-26,14:00,16:00,기타외국어,성인,오프라인,금요일,논현글로벌평생학습센터 3층 1강의실,16,36000,서울특별시 강남구 논현로 131길 40,서울특별시 강남구청,02-788-4292,2026-04-28,2026-05-12,인터넷,선착순,www.longlearn.go.kr,N,N,N,2026-04-08
[개포2] 다양한 맛 세계의 일품요리,노주영,2026-05-22,2026-08-14,14:00,16:00,요리,성인,오프라인,금요일,개포평생학습센터 요리실,16,72000,서울특별시 강남구 개포로410,서울특별시 강남구청,02-529-1225,2026-04-28,2026-05-12,인터넷,선착순,www.longlearn.go.kr,N,N,N,2026-04-08
"[수서2] 클래식, 드디어 들린다",김주경,2026-05-22,2026-08-14,14:00,16:00,기타,성인,오프라인,금요일,수서평생학습센터 일반강의실,16,72000,서울특별시 강남구 밤고개로165,서울특별시 강남구청,02-451-1225,2026-04-28,2026-05-12,인터넷,선착순,www.longlearn.go.kr,N,N,N,2026-04-08
[개포2] 재미있게 쉽게 배우는 일본어(중급),정은경,2026-05-22,2026-08-14,14:00,16:00,일본어,성인,오프라인,금요일,개포평생학습센터 강의실,20,72000,서울특별시 강남구 개포로410,서울특별시 강남구청,02-529-1225,2026-04-28,2026-05-12,인터넷,선착순,www.longlearn.go.kr,N,N,N,2026-04-08
[수서2] 하모니카(중급),김봉주,2026-05-22,2026-08-14,11:00,11:50,악기,성인,오프라인,금요일,수서평생학습센터 음악강의실,10,36000,서울특별시 강남구 밤고개로165,서울특별시 강남구청,02-451-1225,2026-04-28,2026-05-12,인터넷,선착순,www.longlearn.go.kr,N,N,N,2026-04-08
[논현2]글로벌 경제와 증시투자 이해[기본],반종민,2026-05-22,2026-08-14,10:00,12:00,기타,성인,오프라인,금요일,논현글로벌평생학습센터 3층 4강의실,16,72000,서울특별시 강남구 논현로 131길 40,서울특별시 강남구청,02-788-4292,2026-04-28,2026-05-12,인터넷,선착순,www.longlearn.go.kr,N,N,N,2026-04-08
"[논현2]세계풍경, 여행을 그리다",이수정,2026-05-22,2026-08-14,10:00,12:00,미술/서예,성인,오프라인,금요일,논현글로벌평생학습센터 3층 2강의실,16,72000,서울특별시 강남구 논현로 131길 40,서울특별시 강남구청,02-788-4292,2026-04-28,2026-05-12,인터넷,선착순,www.longlearn.go.kr,N,N,N,2026-04-08
[논현2]유럽을 읽는 건축여행,김성은,2026-05-22,2026-08-14,10:00,12:00,기타,성인,오프라인,금요일,논현글로벌평생학습센터 3층 1강의실,16,72000,서울특별시 강남구 논현로 131길 40,서울특별시 강남구청,02-788-4292,2026-04-28,2026-05-12,인터넷,선착순,www.longlearn.go.kr,N,N,N,2026-04-08
[수서2] 서양미술사 산책,김동현,2026-05-22,2026-08-14,10:00,12:00,인문/독서,성인,오프라인,금요일,수서평생학습센터 일반강의실,16,72000,서울특별시 강남구 밤고개로165,서울특별시 강남구청,02-451-1225,2026-04-28,2026-05-12,인터넷,선착순,www.longlearn.go.kr,N,N,N,2026-04-08
[일원2] 마음을 담은 색연필화,김민구,2026-05-22,2026-08-14,10:00,12:00,미술/서예,성인,오프라인,금요일,일원평생학습센터 강의실,16,72000,서울특별시 강남구 영동대로22,서울특별시 강남구청,02-3423-7955,2026-04-28,2026-05-12,인터넷,선착순,www.longlearn.go.kr,N,N,N,2026-04-08
[일원2] 법원경매의 입문과 부동산의 활용실무,김희열,2026-05-22,2026-08-14,10:00,12:00,기타,성인,오프라인,금요일,일원평생학습센터 강의실,35,72000,서울특별시 강남구 영동대로22,서울특별시 강남구청,02-3423-7955,2026-04-28,2026-05-12,인터넷,선착순,www.longlearn.go.kr,N,N,N,2026-04-08
[일원2] 도전 문학창작 글쓰기,최명숙,2026-05-22,2026-08-14,10:00,12:00,인문/독서,성인,오프라인,금요일,일원평생학습센터 강의실,20,72000,서울특별시 강남구 영동대로22,서울특별시 강남구청,02-3423-7955,2026-04-28,2026-05-12,인터넷,선착순,www.longlearn.go.kr,N,N,N,2026-04-08
[일원2] 영어그림책을 낭독하며 행복한 시간,최현희,2026-05-22,2026-08-14,10:00,12:00,영어,성인,오프라인,금요일,일원평생학습센터 강의실,25,72000,서울특별시 강남구 영동대로22,서울특별시 강남구청,02-3423-7955,2026-04-28,2026-05-12,인터넷,선착순,www.longlearn.go.kr,N,N,N,2026-04-08
"[일원2] 오전의 소묘 (연필, 콘테, 오일파스텔)",장용철,2026-05-22,2026-08-14,10:00,12:00,미술/서예,성인,오프라인,금요일,일원평생학습센터 강의실,16,72000,서울특별시 강남구 영동대로22,서울특별시 강남구청,02-3423-7955,2026-04-28,2026-05-12,인터넷,선착순,www.longlearn.go.kr,N,N,N,2026-04-08
[개포2] 이탈리안 브런치,노주영,2026-05-22,2026-08-14,10:00,12:00,요리,성인,오프라인,금요일,개포평생학습센터 요리실,16,72000,서울특별시 강남구 개포로410,서울특별시 강남구청,02-529-1225,2026-04-28,2026-05-12,인터넷,선착순,www.longlearn.go.kr,N,N,N,2026-04-08
[수서2] 하모니카(기초&초급),김봉주,2026-05-22,2026-08-14,10:00,10:50,악기,성인,오프라인,금요일,수서평생학습센터 음악강의실,10,36000,서울특별시 강남구 밤고개로165,서울특별시 강남구청,02-451-1225,2026-04-28,2026-05-12,인터넷,선착순,www.longlearn.go.kr,N,N,N,2026-04-08
[개포2] 로마 역사와 함께하는 로마 미술관 투어,권미란,2026-05-22,2026-08-14,10:00,12:00,기타,성인,오프라인,금요일,개포평생학습센터 강의실,25,72000,서울특별시 강남구 개포로410,서울특별시 강남구청,02-529-1225,2026-04-28,2026-05-12,인터넷,선착순,www.longlearn.go.kr,N,N,N,2026-04-08
"[일원2-저녁] AI로 배우는 로고 디자인, 나도 로고 작가되기(A/6회)",문서현,2026-05-21,2026-06-25,19:00,21:00,디지털,성인,오프라인,목요일,일원평생학습센터 강의실,16,36000,서울특별시 강남구 영동대로22,서울특별시 강남구청,02-3423-7955,2026-04-28,2026-05-12,인터넷,선착순,www.longlearn.go.kr,N,N,N,2026-04-08
[일원2-저녁] 마음이 쉬어가는 통기타 클래스(기초),임곤정,2026-05-21,2026-08-06,19:00,21:00,악기,성인,오프라인,목요일,일원평생학습센터 강의실,16,72000,서울특별시 강남구 영동대로22,서울특별시 강남구청,02-3423-7955,2026-04-28,2026-05-12,인터넷,선착순,www.longlearn.go.kr,N,N,N,2026-04-08
[일원2-저녁] 경제방송 앵커와 코스피 5000 시대의 흐름 읽기,김호수,2026-05-21,2026-08-06,19:00,21:00,기타,성인,오프라인,목요일,일원평생학습센터 강의실,40,72000,서울특별시 강남구 영동대로22,서울특별시 강남구청,02-3423-7955,2026-04-28,2026-05-12,인터넷,선착순,www.longlearn.go.kr,N,N,N,2026-04-08
[일원2-저녁] 아는 만큼 맛있고 재미있는 와인 이야기,조정란,2026-05-21,2026-08-06,19:00,21:00,기타,성인,오프라인,목요일,일원평생학습센터 강의실,16,72000,서울특별시 강남구 영동대로22,서울특별시 강남구청,02-3423-7955,2026-04-28,2026-05-12,인터넷,선착순,www.longlearn.go.kr,N,N,N,2026-04-08
"[일원2-저녁] 수채화, 일상을 물들이다",송효정,2026-05-21,2026-08-06,19:00,21:00,미술/서예,성인,오프라인,목요일,일원평생학습센터 강의실,16,72000,서울특별시 강남구 영동대로22,서울특별시 강남구청,02-3423-7955,2026-04-28,2026-05-12,인터넷,선착순,www.longlearn.go.kr,N,N,N,2026-04-08
[일원2-저녁] 퍼스널컬러 이미지브랜딩(A/6회),유지현,2026-05-21,2026-06-25,19:00,21:00,기타,성인,오프라인,목요일,일원평생학습센터 강의실,16,36000,서울특별시 강남구 영동대로22,서울특별시 강남구청,02-3423-7955,2026-04-28,2026-05-12,인터넷,선착순,www.longlearn.go.kr,N,N,N,2026-04-08
[수서2] 목요 피아노(C),문보영,2026-05-21,2026-08-06,15:30,16:20,악기,성인,오프라인,목요일,수서평생학습센터 음악강의실,5,78000,서울특별시 강남구 밤고개로165,서울특별시 강남구청,02-451-1225,2026-04-28,2026-05-12,인터넷,선착순,www.longlearn.go.kr,N,N,N,2026-04-08
[수서2] 목요 피아노(B),문보영,2026-05-21,2026-08-06,14:30,15:20,악기,성인,오프라인,목요일,수서평생학습센터 음악강의실,5,78000,서울특별시 강남구 밤고개로165,서울특별시 강남구청,02-451-1225,2026-04-28,2026-05-12,인터넷,선착순,www.longlearn.go.kr,N,N,N,2026-04-08
[논현2]원어민과 함께하는 쿼라(Quora) 생생영어,Brian Stuart,2026-05-21,2026-08-06,14:00,16:00,영어,성인,오프라인,목요일,논현글로벌평생학습센터 3층 2강의실,20,72000,서울특별시 강남구 논현로 131길 40,서울특별시 강남구청,02-788-4292,2026-04-28,2026-05-12,인터넷,선착순,www.longlearn.go.kr,N,N,N,2026-04-08
[일원2] 올라 스페인 문화 기행(A/6회),한준,2026-05-21,2026-06-25,14:00,16:00,기타,성인,오프라인,목요일,일원평생학습센터 강의실,30,36000,서울특별시 강남구 영동대로22,서울특별시 강남구청,02-3423-7955,2026-04-28,2026-05-12,인터넷,선착순,www.longlearn.go.kr,N,N,N,2026-04-08
[일원2] 미술관에 간 심리학(이론+실습),문주,2026-05-21,2026-08-06,14:00,16:00,기타,성인,오프라인,목요일,일원평생학습센터 강의실,16,72000,서울특별시 강남구 영동대로22,서울특별시 강남구청,02-3423-7955,2026-04-28,2026-05-12,인터넷,선착순,www.longlearn.go.kr,N,N,N,2026-04-08
"[일원2] 소리내어 읽는 즐거움, 힐링 보이스 시낭송",김수미,2026-05-21,2026-08-06,14:00,16:00,기타,성인,오프라인,목요일,일원평생학습센터 강의실,16,72000,서울특별시 강남구 영동대로22,서울특별시 강남구청,02-3423-7955,2026-04-28,2026-05-12,인터넷,선착순,www.longlearn.go.kr,N,N,N,2026-04-08
[일원2] 편하게 노래하는 발성법,심원민,2026-05-21,2026-08-06,14:00,16:00,노래/민요,성인,오프라인,목요일,일원평생학습센터 강의실,18,72000,서울특별시 강남구 영동대로22,서울특별시 강남구청,02-3423-7955,2026-04-28,2026-05-12,인터넷,선착순,www.longlearn.go.kr,N,N,N,2026-04-08
"[일원2] AI와 함께, 유튜브 크리에이터 도전",김희은,2026-05-21,2026-08-06,14:00,16:00,디지털,성인,오프라인,목요일,일원평생학습센터 강의실,18,72000,서울특별시 강남구 영동대로22,서울특별시 강남구청,02-3423-7955,2026-04-28,2026-05-12,인터넷,선착순,www.longlearn.go.kr,N,N,N,2026-04-08
[개포2] 행복을 담은 그림 민화(중급),박현숙,2026-05-21,2026-08-06,14:00,16:00,미술/서예,성인,오프라인,목요일,개포평생학습센터 강의실,16,72000,서울특별시 강남구 개포로410,서울특별시 강남구청,02-529-1225,2026-04-28,2026-05-12,인터넷,선착순,www.longlearn.go.kr,N,N,N,2026-04-08
[일원2] 드라마로 익히는 일본어(중급),박소영,2026-05-21,2026-08-06,14:00,16:00,일본어,성인,오프라인,목요일,일원평생학습센터 강의실,25,72000,서울특별시 강남구 영동대로22,서울특별시 강남구청,02-3423-7955,2026-04-28,2026-05-12,인터넷,선착순,www.longlearn.go.kr,N,N,N,2026-04-08
[수서2] 법원경매 캠코공매,이지성,2026-05-21,2026-08-06,14:00,16:00,기타,성인,오프라인,목요일,수서평생학습센터 일반강의실,16,72000,서울특별시 강남구 밤고개로165,서울특별시 강남구청,02-451-1225,2026-04-28,2026-05-12,인터넷,선착순,www.longlearn.go.kr,N,N,N,2026-04-08
[개포2] 정갈한 맛 일본요리,노주영,2026-05-21,2026-08-06,14:00,16:00,요리,성인,오프라인,목요일,개포평생학습센터 요리실,16,72000,서울특별시 강남구 개포로410,서울특별시 강남구청,02-529-1225,2026-04-28,2026-05-12,인터넷,선착순,www.longlearn.go.kr,N,N,N,2026-04-08
[수서2] 목요 피아노(A),문보영,2026-05-21,2026-08-06,13:30,14:20,악기,성인,오프라인,목요일,수서평생학습센터 음악강의실,5,78000,서울특별시 강남구 밤고개로165,서울특별시 강남구청,02-451-1225,2026-04-28,2026-05-12,인터넷,선착순,www.longlearn.go.kr,N,N,N,2026-04-08
[수서2] 클래식 피아노(C),김세희,2026-05-21,2026-08-06,11:30,12:20,악기,성인,오프라인,목요일,수서평생학습센터 음악강의실,5,78000,서울특별시 강남구 밤고개로165,서울특별시 강남구청,02-451-1225,2026-04-28,2026-05-12,인터넷,선착순,www.longlearn.go.kr,N,N,N,2026-04-08
[수서2] 클래식 피아노(B),김세희,2026-05-21,2026-08-06,10:30,11:20,악기,성인,오프라인,목요일,수서평생학습센터 음악강의실,5,78000,서울특별시 강남구 밤고개로165,서울특별시 강남구청,02-451-1225,2026-04-28,2026-05-12,인터넷,선착순,www.longlearn.go.kr,N,N,N,2026-04-08
"[논현2]AI와 함께, 유튜브 크리에이터 도전",김희은,2026-05-21,2026-08-06,10:00,12:00,디지털,성인,오프라인,목요일,논현글로벌평생학습센터 2층 커뮤니티실,12,72000,서울특별시 강남구 논현로 131길 40,서울특별시 강남구청,02-788-4292,2026-04-28,2026-05-12,인터넷,선착순,www.longlearn.go.kr,N,N,N,2026-04-08
[개포2] 스마트폰 인생샷 마스터클래스,이인희,2026-05-21,2026-08-06,10:00,12:00,취미,성인,오프라인,목요일,개포평생학습센터 강의실,16,72000,서울특별시 강남구 개포로410,서울특별시 강남구청,02-529-1225,2026-04-28,2026-05-12,인터넷,선착순,www.longlearn.go.kr,N,N,N,2026-04-08
[개포2] 스마트폰 인생샷 마스터 클래스,이인희,2026-05-21,2026-08-06,10:00,12:00,취미,성인,오프라인,목요일,개포평생학습센터 강의실,16,72000,서울특별시 강남구 개포로410,서울특별시 강남구청,02-529-1225,2026-04-28,2026-05-12,인터넷,선착순,www.longlearn.go.kr,N,N,N,2026-04-08
[일원2] 연필 드로잉,김래형,2026-05-21,2026-08-06,10:00,12:00,미술/서예,성인,오프라인,목요일,일원평생학습센터 강의실,20,72000,서울특별시 강남구 영동대로22,서울특별시 강남구청,02-3423-7955,2026-04-28,2026-05-12,인터넷,선착순,www.longlearn.go.kr,N,N,N,2026-04-08
[개포2] 트렌드 디저트(A/4회),김하연,2026-05-21,2026-06-11,10:00,12:00,요리,성인,오프라인,목요일,개포평생학습센터 요리실,12,24000,서울특별시 강남구 개포로410,서울특별시 강남구청,02-529-1225,2026-04-28,2026-05-12,인터넷,선착순,www.longlearn.go.kr,N,N,N,2026-04-08
[일원2] 실전 국내 증시투자 바로알기(기본),반종민,2026-05-21,2026-08-06,10:00,12:00,기타,성인,오프라인,목요일,일원평생학습센터 강의실,35,72000,서울특별시 강남구 영동대로22,서울특별시 강남구청,02-3423-7955,2026-04-28,2026-05-12,인터넷,선착순,www.longlearn.go.kr,N,N,N,2026-04-08
[일원2] (시니어)AI와 함께하는 FUN 스마트폰 활용,최영하,2026-05-21,2026-08-06,10:00,12:00,디지털,성인,오프라인,목요일,일원평생학습센터 강의실,18,72000,서울특별시 강남구 영동대로22,서울특별시 강남구청,02-3423-7955,2026-04-28,2026-05-12,인터넷,선착순,www.longlearn.go.kr,N,N,N,2026-04-08
"[일원2] 스토리 클래식, 작곡가 6人6色",김주경,2026-05-21,2026-08-06,10:00,12:00,기타,성인,오프라인,목요일,일원평생학습센터 강의실,25,72000,서울특별시 강남구 영동대로22,서울특별시 강남구청,02-3423-7955,2026-04-28,2026-05-12,인터넷,선착순,www.longlearn.go.kr,N,N,N,2026-04-08
[일원2] 나만의 사진 작품 만들기,강승진,2026-05-21,2026-08-06,10:00,12:00,기타,성인,오프라인,목요일,일원평생학습센터 강의실,18,72000,서울특별시 강남구 영동대로22,서울특별시 강남구청,02-3423-7955,2026-04-28,2026-05-12,인터넷,선착순,www.longlearn.go.kr,N,N,N,2026-04-08
[수서2] 현지에서 먹히는 여행 일본어(초급),박소영,2026-05-21,2026-08-06,10:00,12:00,일본어,성인,오프라인,목요일,수서평생학습센터 일반강의실,16,72000,서울특별시 강남구 밤고개로165,서울특별시 강남구청,02-451-1225,2026-04-28,2026-05-12,인터넷,선착순,www.longlearn.go.kr,N,N,N,2026-04-08
[일원2] 프랑스 자수,조정선,2026-05-21,2026-08-06,10:00,14:00,도자기/공예,성인,오프라인,목요일,일원평생학습센터 강의실,16,72000,서울특별시 강남구 영동대로22,서울특별시 강남구청,02-3423-7955,2026-04-28,2026-05-12,인터넷,선착순,www.longlearn.go.kr,N,N,N,2026-04-08
[수서2] 클래식 피아노(A),김세희,2026-05-21,2026-08-06,09:30,10:20,악기,성인,오프라인,목요일,수서평생학습센터 음악강의실,5,78000,서울특별시 강남구 밤고개로165,서울특별시 강남구청,02-451-1225,2026-04-28,2026-05-12,인터넷,선착순,www.longlearn.go.kr,N,N,N,2026-04-08
[논현2]원어민과 함께하는 비즈니스 영어,Andrew P. Otto,2026-05-20,2026-08-12,19:00,21:00,영어,성인,오프라인,수요일,논현글로벌평생학습센터 3층 4강의실,16,72000,서울특별시 강남구 논현로 131길 40,서울특별시 강남구청,02-788-4292,2026-04-28,2026-05-12,인터넷,선착순,www.longlearn.go.kr,N,N,N,2026-04-08
[논현2]짠테크부터 주식투자까지  재테크 로드맵 완성(A/6회),김운아,2026-05-20,2026-07-01,19:00,21:00,기타,성인,오프라인,수요일,논현글로벌평생학습센터 3층 2강의실,20,36000,서울특별시 강남구 논현로 131길 40,서울특별시 강남구청,02-788-4292,2026-04-28,2026-05-12,인터넷,선착순,www.longlearn.go.kr,N,N,N,2026-04-08
[논현2]상상 그 이상 AI 영상 스튜디오(A/6회),민지애,2026-05-20,2026-07-01,19:00,21:00,디지털,성인,오프라인,수요일,논현글로벌평생학습센터 3층 1강의실,16,36000,서울특별시 강남구 논현로 131길 40,서울특별시 강남구청,02-788-4292,2026-04-28,2026-05-12,인터넷,선착순,www.longlearn.go.kr,N,N,N,2026-04-08
[논현2]영어 토탈리스닝(초·중급),유선화,2026-05-20,2026-08-12,14:00,16:00,영어,성인,오프라인,수요일,논현글로벌평생학습센터 3층 4강의실,16,72000,서울특별시 강남구 논현로 131길 40,서울특별시 강남구청,02-788-4292,2026-04-28,2026-05-12,인터넷,선착순,www.longlearn.go.kr,N,N,N,2026-04-08
[논현2]자신감있는 품격 스피치(A/6회),김선주,2026-05-20,2026-07-01,14:00,16:00,기타,성인,오프라인,수요일,논현글로벌평생학습센터 3층 2강의실,16,36000,서울특별시 강남구 논현로 131길 40,서울특별시 강남구청,02-788-4292,2026-04-28,2026-05-12,인터넷,선착순,www.longlearn.go.kr,N,N,N,2026-04-08
[일원2] 프리미엄 마스터피스 플라워 클래스,김태실,2026-05-20,2026-08-12,14:00,16:00,취미,성인,오프라인,수요일,일원평생학습센터 강의실,16,72000,서울특별시 강남구 영동대로22,서울특별시 강남구청,02-3423-7955,2026-04-28,2026-05-12,인터넷,선착순,www.longlearn.go.kr,N,N,N,2026-04-08
[일원2] 영어 스피킹&라이팅 핵심 뽀개기,임수진,2026-05-20,2026-08-12,14:00,16:00,영어,성인,오프라인,수요일,일원평생학습센터 강의실,30,72000,서울특별시 강남구 영동대로22,서울특별시 강남구청,02-3423-7955,2026-04-28,2026-05-12,인터넷,선착순,www.longlearn.go.kr,N,N,N,2026-04-08
[일원2] 처음에도 OK AI로 만드는 나만의 동화책 (플립북&오디오북),김충효,2026-05-20,2026-08-12,14:00,16:00,디지털,성인,오프라인,수요일,일원평생학습센터 강의실,16,72000,서울특별시 강남구 영동대로22,서울특별시 강남구청,02-3423-7955,2026-04-28,2026-05-12,인터넷,선착순,www.longlearn.go.kr,N,N,N,2026-04-08
[일원2] 미래힐링 사주명리학,안상호,2026-05-20,2026-08-12,14:00,16:00,기타,성인,오프라인,수요일,일원평생학습센터 강의실,30,72000,서울특별시 강남구 영동대로22,서울특별시 강남구청,02-3423-7955,2026-04-28,2026-05-12,인터넷,선착순,www.longlearn.go.kr,N,N,N,2026-04-08
[일원2] 명작동화 속에 숨어있는 철학이야기,박혜순,2026-05-20,2026-08-12,14:00,16:00,인문/독서,성인,오프라인,수요일,일원평생학습센터 강의실,18,72000,서울특별시 강남구 영동대로22,서울특별시 강남구청,02-3423-7955,2026-04-28,2026-05-12,인터넷,선착순,www.longlearn.go.kr,N,N,N,2026-04-08
[수서2] 통기타(기초),임곤정,2026-05-20,2026-08-12,14:00,16:00,악기,성인,오프라인,수요일,수서평생학습센터 음악강의실,12,72000,서울특별시 강남구 밤고개로165,서울특별시 강남구청,02-451-1225,2026-04-28,2026-05-12,인터넷,선착순,www.longlearn.go.kr,N,N,N,2026-04-08
[수서2] 일상에서 바로 쓰는 스마트폰 AI,신현성,2026-05-20,2026-08-12,14:00,16:00,디지털,성인,오프라인,수요일,수서평생학습센터 일반강의실,16,72000,서울특별시 강남구 밤고개로165,서울특별시 강남구청,02-451-1225,2026-04-28,2026-05-12,인터넷,선착순,www.longlearn.go.kr,N,N,N,2026-04-08
[개포2] 실전 부동산 경매 투자비법,정희철,2026-05-20,2026-08-12,14:00,16:00,기타,성인,오프라인,수요일,개포평생학습센터 강의실,30,72000,서울특별시 강남구 개포로410,서울특별시 강남구청,02-529-1225,2026-04-28,2026-05-12,인터넷,선착순,www.longlearn.go.kr,N,N,N,2026-04-08
[개포2] 쌀&무버터 디저트,이윤주,2026-05-20,2026-08-12,14:00,16:00,요리,성인,오프라인,수요일,개포평생학습센터 요리실,12,72000,서울특별시 강남구 개포로410,서울특별시 강남구청,02-529-1225,2026-04-28,2026-05-12,인터넷,선착순,www.longlearn.go.kr,N,N,N,2026-04-08
[수서2] 플루트 교실(중급),노현지,2026-05-20,2026-08-12,11:00,11:50,악기,성인,오프라인,수요일,수서평생학습센터 음악강의실,10,36000,서울특별시 강남구 밤고개로165,서울특별시 강남구청,02-451-1225,2026-04-28,2026-05-12,인터넷,선착순,www.longlearn.go.kr,N,N,N,2026-04-08
[논현2]아이패드로 그리는 어반스케치,이필두,2026-05-20,2026-08-12,10:00,12:00,디지털,성인,오프라인,수요일,논현글로벌평생학습센터 3층 2강의실,18,72000,서울특별시 강남구 논현로 131길 40,서울특별시 강남구청,02-788-4292,2026-04-28,2026-05-12,인터넷,선착순,www.longlearn.go.kr,N,N,N,2026-04-08
[일원2] 행복을 담은 그림 민화 (초급),박현숙,2026-05-20,2026-08-12,10:00,12:00,미술/서예,성인,오프라인,수요일,일원평생학습센터 강의실,16,72000,서울특별시 강남구 영동대로22,서울특별시 강남구청,02-3423-7955,2026-04-28,2026-05-12,인터넷,선착순,www.longlearn.go.kr,N,N,N,2026-04-08
[일원2] 캔바&AI활용 그래픽 디자인,류한민,2026-05-20,2026-08-12,10:00,12:00,디지털,성인,오프라인,수요일,일원평생학습센터 강의실,18,72000,서울특별시 강남구 영동대로22,서울특별시 강남구청,02-3423-7955,2026-04-28,2026-05-12,인터넷,선착순,www.longlearn.go.kr,N,N,N,2026-04-08
[일원2] 타노시이 니홍고 (즐거운 일본어) (초급),변정현,2026-05-20,2026-08-12,10:00,12:00,일본어,성인,오프라인,수요일,일원평생학습센터 강의실,25,72000,서울특별시 강남구 영동대로22,서울특별시 강남구청,02-3423-7955,2026-04-28,2026-05-12,인터넷,선착순,www.longlearn.go.kr,N,N,N,2026-04-08
"[일원2] 힐링 연필&색연필스케치 (인물화,풍경화,꽃)",김은영,2026-05-20,2026-08-12,10:00,12:00,미술/서예,성인,오프라인,수요일,일원평생학습센터 강의실,16,72000,서울특별시 강남구 영동대로22,서울특별시 강남구청,02-3423-7955,2026-04-28,2026-05-12,인터넷,선착순,www.longlearn.go.kr,N,N,N,2026-04-08
[일원2] 쉽게 통하는 엄마표 학습코칭 (A/6회),하혜정,2026-05-20,2026-07-01,10:00,12:00,기타,성인,오프라인,수요일,일원평생학습센터 강의실,16,36000,서울특별시 강남구 영동대로22,서울특별시 강남구청,02-3423-7955,2026-04-28,2026-05-12,인터넷,선착순,www.longlearn.go.kr,N,N,N,2026-04-08
[수서2] 플루트 교실(초급),노현지,2026-05-20,2026-08-12,10:00,10:50,악기,성인,오프라인,수요일,수서평생학습센터 음악강의실,10,36000,서울특별시 강남구 밤고개로165,서울특별시 강남구청,02-451-1225,2026-04-28,2026-05-12,인터넷,선착순,www.longlearn.go.kr,N,N,N,2026-04-08
[수서2] 유러피안플라워&플로리스트,이승은,2026-05-20,2026-08-12,10:00,12:00,취미,성인,오프라인,수요일,수서평생학습센터 일반강의실,16,72000,서울특별시 강남구 밤고개로165,서울특별시 강남구청,02-451-1225,2026-04-28,2026-05-12,인터넷,선착순,www.longlearn.go.kr,N,N,N,2026-04-08
[개포2] 연필 드로잉,김래형,2026-05-20,2026-08-12,10:00,12:00,미술/서예,성인,오프라인,수요일,개포평생학습센터 강의실,16,72000,서울특별시 강남구 개포로410,서울특별시 강남구청,02-529-1225,2026-04-28,2026-05-12,인터넷,선착순,www.longlearn.go.kr,N,N,N,2026-04-08
[개포2] 저속노화 요리교실,안응자,2026-05-20,2026-08-12,10:00,12:00,요리,성인,오프라인,수요일,개포평생학습센터 요리실,16,72000,서울특별시 강남구 개포로410,서울특별시 강남구청,02-529-1225,2026-04-28,2026-05-12,인터넷,선착순,www.longlearn.go.kr,N,N,N,2026-04-08
[개포2] 한 그릇 건강 요리교실,안응자,2026-05-19,2026-08-04,19:00,21:00,요리,성인,오프라인,화요일,개포평생학습센터 요리실,16,72000,서울특별시 강남구 개포로410,서울특별시 강남구청,02-529-1225,2026-04-28,2026-05-12,인터넷,선착순,www.longlearn.go.kr,N,N,N,2026-04-08
[개포2] 미래힐링 사주명리학,안상호,2026-05-19,2026-08-04,19:00,21:00,인문/독서,성인,오프라인,화요일,개포평생학습센터 강의실,25,72000,서울특별시 강남구 개포로410,서울특별시 강남구청,02-529-1225,2026-04-28,2026-05-12,인터넷,선착순,www.longlearn.go.kr,N,N,N,2026-04-08
[수서2] 어린이 피아노(B),문채현,2026-05-19,2026-08-04,15:30,16:20,초등,성인,오프라인,화요일,수서평생학습센터 음악강의실,5,78000,서울특별시 강남구 밤고개로165,서울특별시 강남구청,02-451-1225,2026-04-28,2026-05-12,인터넷,선착순,www.longlearn.go.kr,N,N,N,2026-04-08
[논현2][특화]한국외대와 함께하는 일본어 초급Ⅴ,"김병숙, 미즈구치 나츠코",2026-05-19,2026-08-06,15:00,16:30,일본어,성인,오프라인,화요일+목요일,논현글로벌평생학습센터 3층 4강의실,12,180000,서울특별시 강남구 논현로 131길 40,서울특별시 강남구청,02-788-4292,2026-04-28,2026-05-12,인터넷,선착순,www.longlearn.go.kr,N,N,N,2026-04-08
[개포2] 아빠요리교실,안응자,2026-05-19,2026-08-04,15:00,17:00,요리,성인,오프라인,화요일,개포평생학습센터 요리실,16,72000,서울특별시 강남구 개포로410,서울특별시 강남구청,02-529-1225,2026-04-28,2026-05-12,인터넷,선착순,www.longlearn.go.kr,N,N,N,2026-04-08
[논현2]영화로 떠나는 스페인·중남미 인문학 여행,한준,2026-05-19,2026-08-04,14:30,16:30,기타,성인,오프라인,화요일,논현글로벌평생학습센터 2층 커뮤니티실,12,72000,서울특별시 강남구 논현로 131길 40,서울특별시 강남구청,02-788-4292,2026-04-28,2026-05-12,인터넷,선착순,www.longlearn.go.kr,N,N,N,2026-04-08
[수서2] 어린이 피아노(A),문채현,2026-05-19,2026-08-04,14:30,15:20,초등,성인,오프라인,화요일,수서평생학습센터 음악강의실,5,78000,서울특별시 강남구 밤고개로165,서울특별시 강남구청,02-451-1225,2026-04-28,2026-05-12,인터넷,선착순,www.longlearn.go.kr,N,N,N,2026-04-08
[논현2]테마별 쉬운 영어회화(초중급),Declan Griffin,2026-05-19,2026-08-04,14:00,16:00,영어,성인,오프라인,화요일,논현글로벌평생학습센터 3층 2강의실,20,72000,서울특별시 강남구 논현로 131길 40,서울특별시 강남구청,02-788-4292,2026-04-28,2026-05-12,인터넷,선착순,www.longlearn.go.kr,N,N,N,2026-04-08
[일원2] 재미있는 인물화 캐리커쳐,김희진,2026-05-19,2026-08-04,14:00,16:00,미술/서예,성인,오프라인,화요일,일원평생학습센터 강의실,16,72000,서울특별시 강남구 영동대로22,서울특별시 강남구청,02-3423-7955,2026-04-28,2026-05-12,인터넷,선착순,www.longlearn.go.kr,N,N,N,2026-04-08
[일원2] 서양미술사와 함께하는 해외 미술관 산책: 현대미술편,김동현,2026-05-19,2026-08-04,14:00,16:00,인문/독서,성인,오프라인,화요일,일원평생학습센터 강의실,30,72000,서울특별시 강남구 영동대로22,서울특별시 강남구청,02-3423-7955,2026-04-28,2026-05-12,인터넷,선착순,www.longlearn.go.kr,N,N,N,2026-04-08
[일원2] 영상편집 몰라도 OK AI 영상 창작 클래스,민지애,2026-05-19,2026-08-04,14:00,16:00,디지털,성인,오프라인,화요일,일원평생학습센터 강의실,18,72000,서울특별시 강남구 영동대로22,서울특별시 강남구청,02-3423-7955,2026-04-28,2026-05-12,인터넷,선착순,www.longlearn.go.kr,N,N,N,2026-04-08
[일원2] 부동산경매고급과정 (권리분석 기초·입문편),김병진,2026-05-19,2026-08-04,14:00,16:00,기타,성인,오프라인,화요일,일원평생학습센터 강의실,30,72000,서울특별시 강남구 영동대로22,서울특별시 강남구청,02-3423-7955,2026-04-28,2026-05-12,인터넷,선착순,www.longlearn.go.kr,N,N,N,2026-04-08
[일원2] 찐중국어_테마중국어회화 (초급),진채란,2026-05-19,2026-08-04,14:00,16:00,중국어,성인,오프라인,화요일,일원평생학습센터 강의실,20,72000,서울특별시 강남구 영동대로22,서울특별시 강남구청,02-3423-7955,2026-04-28,2026-05-12,인터넷,선착순,www.longlearn.go.kr,N,N,N,2026-04-08
[일원2] 인물로 읽는 『사기 史記』:인간의 욕망과 선택의 역사,노은정,2026-05-19,2026-08-04,14:00,16:00,인문/독서,성인,오프라인,화요일,일원평생학습센터 강의실,18,72000,서울특별시 강남구 영동대로22,서울특별시 강남구청,02-3423-7955,2026-04-28,2026-05-12,인터넷,선착순,www.longlearn.go.kr,N,N,N,2026-04-08
[수서2] 내 마음의 비밀지도:셀프타로,양은미,2026-05-19,2026-08-04,14:00,16:00,취미,성인,오프라인,화요일,수서평생학습센터 일반강의실,16,72000,서울특별시 강남구 밤고개로165,서울특별시 강남구청,02-451-1225,2026-04-28,2026-05-12,인터넷,선착순,www.longlearn.go.kr,N,N,N,2026-04-08
[개포2] 기초부터 쉽게 배우는 일본어(초급),정은경,2026-05-19,2026-08-04,14:00,16:00,일본어,성인,오프라인,화요일,개포평생학습센터 강의실,20,72000,서울특별시 강남구 개포로410,서울특별시 강남구청,02-529-1225,2026-04-28,2026-05-12,인터넷,선착순,www.longlearn.go.kr,N,N,N,2026-04-08
[논현2][특화]세르반테스문화원과 함께하는 스페인어 회화 초급 A2,María Reyes González Portela,2026-05-19,2026-08-06,13:30,15:00,기타외국어,성인,오프라인,화요일+목요일,논현글로벌평생학습센터 3층 1강의실,12,180000,서울특별시 강남구 논현로 131길 40,서울특별시 강남구청,02-788-4292,2026-04-28,2026-05-12,인터넷,선착순,www.longlearn.go.kr,N,N,N,2026-04-08
[수서2] 화요 피아노,문채현,2026-05-19,2026-08-04,13:30,14:20,악기,성인,오프라인,화요일,수서평생학습센터 음악강의실,5,78000,서울특별시 강남구 밤고개로165,서울특별시 강남구청,02-451-1225,2026-04-28,2026-05-12,인터넷,선착순,www.longlearn.go.kr,N,N,N,2026-04-08
[논현2][특화]한국외대와 함께하는 일본어 초급Ⅳ,"김병숙, 미즈구치 나츠코",2026-05-19,2026-08-06,13:20,14:50,일본어,성인,오프라인,화요일+목요일,논현글로벌평생학습센터 3층 4강의실,12,180000,서울특별시 강남구 논현로 131길 40,서울특별시 강남구청,02-788-4292,2026-04-28,2026-05-12,인터넷,선착순,www.longlearn.go.kr,N,N,N,2026-04-08
[수서2] 화요오전 피아노(C),허진주,2026-05-19,2026-08-04,11:30,12:20,악기,성인,오프라인,화요일,수서평생학습센터 음악강의실,5,78000,서울특별시 강남구 밤고개로165,서울특별시 강남구청,02-451-1225,2026-04-28,2026-05-12,인터넷,선착순,www.longlearn.go.kr,N,N,N,2026-04-08
[논현2][특화]한국외대와 함께하는 일본어 초급Ⅲ,"변정현, 미즈구치 나츠코",2026-05-19,2026-08-06,10:30,12:00,일본어,성인,오프라인,화요일+목요일,논현글로벌평생학습센터 3층 4강의실,12,180000,서울특별시 강남구 논현로 131길 40,서울특별시 강남구청,02-788-4292,2026-04-28,2026-05-12,인터넷,선착순,www.longlearn.go.kr,N,N,N,2026-04-08
[논현2][특화]세르반테스문화원과 함께하는 스페인어 회화 입문 A1,María Reyes González Portela,2026-05-19,2026-08-06,10:30,12:00,기타외국어,성인,오프라인,화요일+목요일,논현글로벌평생학습센터 3층 1강의실,12,180000,서울특별시 강남구 논현로 131길 40,서울특별시 강남구청,02-788-4292,2026-04-28,2026-05-12,인터넷,선착순,www.longlearn.go.kr,N,N,N,2026-04-08
[수서2] 화요오전 피아노(B),허진주,2026-05-19,2026-08-04,10:30,11:20,악기,성인,오프라인,화요일,수서평생학습센터 음악강의실,5,78000,서울특별시 강남구 밤고개로165,서울특별시 강남구청,02-451-1225,2026-04-28,2026-05-12,인터넷,선착순,www.longlearn.go.kr,N,N,N,2026-04-08
[논현2][특화]원어민과 함께하는 뉴스영어,Brian Stuart,2026-05-19,2026-08-06,10:00,11:30,영어,성인,오프라인,화요일+목요일,논현글로벌평생학습센터 3층 2강의실,12,180000,서울특별시 강남구 논현로 131길 40,서울특별시 강남구청,02-788-4292,2026-04-28,2026-05-12,인터넷,선착순,www.longlearn.go.kr,N,N,N,2026-04-08
"[일원2] 처음 만나는 가곡, 쉽게 부르는 성악 발성",이선욱,2026-05-19,2026-08-04,10:00,12:00,노래/민요,성인,오프라인,화요일,일원평생학습센터 강의실,16,72000,서울특별시 강남구 영동대로22,서울특별시 강남구청,02-3423-7955,2026-04-28,2026-05-12,인터넷,선착순,www.longlearn.go.kr,N,N,N,2026-04-08
[일원2] 유럽의 도시에서 건축을 만나다,김성은,2026-05-19,2026-08-04,10:00,12:00,기타,성인,오프라인,화요일,일원평생학습센터 강의실,30,72000,서울특별시 강남구 영동대로22,서울특별시 강남구청,02-3423-7955,2026-04-28,2026-05-12,인터넷,선착순,www.longlearn.go.kr,N,N,N,2026-04-08
[일원2] 에세이 쓰기 입문,유영희,2026-05-19,2026-08-04,10:00,12:00,인문/독서,성인,오프라인,화요일,일원평생학습센터 강의실,16,72000,서울특별시 강남구 영동대로22,서울특별시 강남구청,02-3423-7955,2026-04-28,2026-05-12,인터넷,선착순,www.longlearn.go.kr,N,N,N,2026-04-08
[일원2] 영문필사-일상에서 쓰는 영문손글씨 클래스,민병화,2026-05-19,2026-08-04,10:00,12:00,미술/서예,성인,오프라인,화요일,일원평생학습센터 강의실,16,72000,서울특별시 강남구 영동대로22,서울특별시 강남구청,02-3423-7955,2026-04-28,2026-05-12,인터넷,선착순,www.longlearn.go.kr,N,N,N,2026-04-08
[일원2] 생활여행영어,구본희,2026-05-19,2026-08-04,10:00,12:00,영어,성인,오프라인,화요일,일원평생학습센터 강의실,18,72000,서울특별시 강남구 영동대로22,서울특별시 강남구청,02-3423-7955,2026-04-28,2026-05-12,인터넷,선착순,www.longlearn.go.kr,N,N,N,2026-04-08
[수서2] 아는 영어 말고 (말)하는 영어,신은영,2026-05-19,2026-08-04,10:00,12:00,영어,성인,오프라인,화요일,수서평생학습센터 일반강의실,16,72000,서울특별시 강남구 밤고개로165,서울특별시 강남구청,02-451-1225,2026-04-28,2026-05-12,인터넷,선착순,www.longlearn.go.kr,N,N,N,2026-04-08
[수서2] 화요오전 피아노(A),허진주,2026-05-19,2026-08-04,09:30,10:20,악기,성인,오프라인,화요일,수서평생학습센터 음악강의실,5,78000,서울특별시 강남구 밤고개로165,서울특별시 강남구청,02-451-1225,2026-04-28,2026-05-12,인터넷,선착순,www.longlearn.go.kr,N,N,N,2026-04-08
[논현2][특화]프랑스 대사관 어학센터와 함께하는 프랑스어 초급 A1.2,Anaïs KUHN,2026-05-18,2026-08-12,15:00,16:30,기타외국어,성인,오프라인,월요일+수요일,논현글로벌평생학습센터 3층 1강의실,12,180000,서울특별시 강남구 논현로 131길 40,서울특별시 강남구청,02-788-4292,2026-04-28,2026-05-12,인터넷,선착순,www.longlearn.go.kr,N,N,N,2026-04-08
[논현2]원어민과 함께하는 프리토킹 영어,Declan Griffin,2026-05-18,2026-08-10,14:00,16:00,영어,성인,오프라인,월요일,논현글로벌평생학습센터 3층 4강의실,16,72000,서울특별시 강남구 논현로 131길 40,서울특별시 강남구청,02-788-4292,2026-04-28,2026-05-12,인터넷,선착순,www.longlearn.go.kr,N,N,N,2026-04-08
[논현2]우아한 필체 : 영문캘리그라피 워크숍,민병화,2026-05-18,2026-08-10,14:00,16:00,미술/서예,성인,오프라인,월요일,논현글로벌평생학습센터 3층 2강의실,16,72000,서울특별시 강남구 논현로 131길 40,서울특별시 강남구청,02-788-4292,2026-04-28,2026-05-12,인터넷,선착순,www.longlearn.go.kr,N,N,N,2026-04-08
[일원2] 한땀한땀 만드는 가죽공예,강서희,2026-05-18,2026-08-10,14:00,16:00,취미,성인,오프라인,월요일,일원평생학습센터 강의실,18,72000,서울특별시 강남구 영동대로22,서울특별시 강남구청,02-3423-7955,2026-04-28,2026-05-12,인터넷,선착순,www.longlearn.go.kr,N,N,N,2026-04-08
[일원2] 트래블 인사이트: 여행 트렌드를 이끄는 도시들,홍수연,2026-05-18,2026-08-10,14:00,16:00,기타,성인,오프라인,월요일,일원평생학습센터 강의실,30,72000,서울특별시 강남구 영동대로22,서울특별시 강남구청,02-3423-7955,2026-04-28,2026-05-12,인터넷,선착순,www.longlearn.go.kr,N,N,N,2026-04-08
[일원2] 영어 토탈리스닝 (초중급),유선화,2026-05-18,2026-08-10,14:00,16:00,영어,성인,오프라인,월요일,일원평생학습센터 강의실,20,72000,서울특별시 강남구 영동대로22,서울특별시 강남구청,02-3423-7955,2026-04-28,2026-05-12,인터넷,선착순,www.longlearn.go.kr,N,N,N,2026-04-08
[일원2] (시니어)생성형 AI를 활용한 콘텐츠 제작,정경혜,2026-05-18,2026-08-10,14:00,16:00,디지털,성인,오프라인,월요일,일원평생학습센터 강의실,18,72000,서울특별시 강남구 영동대로22,서울특별시 강남구청,02-3423-7955,2026-04-28,2026-05-12,인터넷,선착순,www.longlearn.go.kr,N,N,N,2026-04-08
"[일원2] 어느덧, 감성수채화",조경아,2026-05-18,2026-08-10,14:00,16:00,미술/서예,성인,오프라인,월요일,일원평생학습센터 강의실,16,72000,서울특별시 강남구 영동대로22,서울특별시 강남구청,02-3423-7955,2026-04-28,2026-05-12,인터넷,선착순,www.longlearn.go.kr,N,N,N,2026-04-08
[일원2] 오디오드라마 제작과 낭독하기,이서륜,2026-05-18,2026-08-10,14:00,16:00,취미,성인,오프라인,월요일,일원평생학습센터 강의실,16,72000,서울특별시 강남구 영동대로22,서울특별시 강남구청,02-3423-7955,2026-04-28,2026-05-12,인터넷,선착순,www.longlearn.go.kr,N,N,N,2026-04-08
[수서2] 한 붓으로 그려요(기초 수채화),송효정,2026-05-18,2026-08-10,14:00,16:00,미술/서예,성인,오프라인,월요일,수서평생학습센터 일반강의실,16,72000,서울특별시 강남구 밤고개로165,서울특별시 강남구청,02-451-1225,2026-04-28,2026-05-12,인터넷,선착순,www.longlearn.go.kr,N,N,N,2026-04-08
[수서2] 오카리나,하은순,2026-05-18,2026-08-10,14:00,16:00,악기,성인,오프라인,월요일,수서평생학습센터 음악강의실,12,72000,서울특별시 강남구 밤고개로165,서울특별시 강남구청,02-451-1225,2026-04-28,2026-05-12,인터넷,선착순,www.longlearn.go.kr,N,N,N,2026-04-08
[개포2] 여행도 일상도 톡톡영어,임수진,2026-05-18,2026-08-10,14:00,16:00,영어,성인,오프라인,월요일,개포평생학습센터 강의실,30,72000,서울특별시 강남구 개포로410,서울특별시 강남구청,02-529-1225,2026-04-28,2026-05-12,인터넷,선착순,www.longlearn.go.kr,N,N,N,2026-04-08
[개포2] 홈스토랑 이탈리안 파티 테이블,박미현,2026-05-18,2026-08-10,14:00,16:00,요리,성인,오프라인,월요일,개포평생학습센터 요리실,16,72000,서울특별시 강남구 개포로410,서울특별시 강남구청,02-529-1225,2026-04-28,2026-05-12,인터넷,선착순,www.longlearn.go.kr,N,N,N,2026-04-08
[논현2][특화]이탈리아어 입문,이운영,2026-05-18,2026-08-12,13:20,14:50,기타외국어,성인,오프라인,월요일+수요일,논현글로벌평생학습센터 2층 커뮤니티실,12,180000,서울특별시 강남구 논현로 131길 40,서울특별시 강남구청,02-788-4292,2026-04-28,2026-05-12,인터넷,선착순,www.longlearn.go.kr,N,N,N,2026-04-08
[논현2][특화]프랑스 대사관 어학센터와 함께하는 프랑스어 초중급 A2.4,Anaïs KUHN,2026-05-18,2026-08-12,13:20,14:50,기타외국어,성인,오프라인,월요일+수요일,논현글로벌평생학습센터 3층 1강의실,12,180000,서울특별시 강남구 논현로 131길 40,서울특별시 강남구청,02-788-4292,2026-04-28,2026-05-12,인터넷,선착순,www.longlearn.go.kr,N,N,N,2026-04-08
[논현2][특화]이탈리아어 초급Ⅲ,이운영,2026-05-18,2026-08-12,10:30,12:00,기타외국어,성인,오프라인,월요일+수요일,논현글로벌평생학습센터 2층 커뮤니티실,12,180000,서울특별시 강남구 논현로 131길 40,서울특별시 강남구청,02-788-4292,2026-04-28,2026-05-12,인터넷,선착순,www.longlearn.go.kr,N,N,N,2026-04-08
[논현2][특화]프랑스 대사관 어학센터와 함께하는 프랑스어 초중급 A2.3,Anaïs KUHN,2026-05-18,2026-08-12,10:30,12:00,기타외국어,성인,오프라인,월요일+수요일,논현글로벌평생학습센터 3층 1강의실,12,180000,서울특별시 강남구 논현로 131길 40,서울특별시 강남구청,02-788-4292,2026-04-28,2026-05-12,인터넷,선착순,www.longlearn.go.kr,N,N,N,2026-04-08
[논현2]오디오드라마 제작클래스,이서륜,2026-05-18,2026-08-10,10:00,12:00,취미,성인,오프라인,월요일,논현글로벌평생학습센터 3층 2강의실,16,72000,서울특별시 강남구 논현로 131길 40,서울특별시 강남구청,02-788-4292,2026-04-28,2026-05-12,인터넷,선착순,www.longlearn.go.kr,N,N,N,2026-04-08
[논현2][특화]부모·조부모를 위한 육아 영어,Andrew P. Otto,2026-05-18,2026-08-12,10:00,11:30,영어,성인,오프라인,월요일+수요일,논현글로벌평생학습센터 3층 4강의실,12,180000,서울특별시 강남구 논현로 131길 40,서울특별시 강남구청,02-788-4292,2026-04-28,2026-05-12,인터넷,선착순,www.longlearn.go.kr,N,N,N,2026-04-08
[일원2] 유러피안 플라워&플로리스트,이승은,2026-05-18,2026-08-10,10:00,12:00,취미,성인,오프라인,월요일,일원평생학습센터 강의실,18,72000,서울특별시 강남구 영동대로22,서울특별시 강남구청,02-3423-7955,2026-04-28,2026-05-12,인터넷,선착순,www.longlearn.go.kr,N,N,N,2026-04-08
[일원2] 아이패드로 그리는 어반스케치,이필두,2026-05-18,2026-08-10,10:00,12:00,미술/서예,성인,오프라인,월요일,일원평생학습센터 강의실,18,72000,서울특별시 강남구 영동대로22,서울특별시 강남구청,02-3423-7955,2026-04-28,2026-05-12,인터넷,선착순,www.longlearn.go.kr,N,N,N,2026-04-08
"[일원2] 미술관 산책, 화가들의 삶",박영랑,2026-05-18,2026-08-10,10:00,12:00,인문/독서,성인,오프라인,월요일,일원평생학습센터 강의실,30,72000,서울특별시 강남구 영동대로22,서울특별시 강남구청,02-3423-7955,2026-04-28,2026-05-12,인터넷,선착순,www.longlearn.go.kr,N,N,N,2026-04-08
[일원2] 인물이 있는 생동감 있는 풍경 드로잉,이수정,2026-05-18,2026-08-10,10:00,12:00,미술/서예,성인,오프라인,월요일,일원평생학습센터 강의실,16,72000,서울특별시 강남구 영동대로22,서울특별시 강남구청,02-3423-7955,2026-04-28,2026-05-12,인터넷,선착순,www.longlearn.go.kr,N,N,N,2026-04-08
[일원2] 손 끝에 담는 매듭공예,박진영,2026-05-18,2026-08-10,10:00,12:00,도자기/공예,성인,오프라인,월요일,일원평생학습센터 강의실,16,72000,서울특별시 강남구 영동대로22,서울특별시 강남구청,02-3423-7955,2026-04-28,2026-05-12,인터넷,선착순,www.longlearn.go.kr,N,N,N,2026-04-08
[수서2] 금쪽미술심리상담소(자격준비반),문주,2026-05-18,2026-08-10,10:00,12:00,자격증,성인,오프라인,월요일,수서평생학습센터 일반강의실,16,72000,서울특별시 강남구 밤고개로165,서울특별시 강남구청,02-451-1225,2026-04-28,2026-05-12,인터넷,선착순,www.longlearn.go.kr,N,N,N,2026-04-08
[수서2] 편하게 노래하는 발성법,심원민,2026-05-18,2026-08-10,10:00,12:00,노래/민요,성인,오프라인,월요일,수서평생학습센터 음악강의실,12,72000,서울특별시 강남구 밤고개로165,서울특별시 강남구청,02-451-1225,2026-04-28,2026-05-12,인터넷,선착순,www.longlearn.go.kr,N,N,N,2026-04-08
[개포2] 에세이 쓰기 첫걸음,유영희,2026-05-18,2026-08-10,10:00,12:00,인문/독서,성인,오프라인,월요일,개포평생학습센터 강의실,20,72000,서울특별시 강남구 개포로410,서울특별시 강남구청,02-529-1225,2026-04-28,2026-05-12,인터넷,선착순,www.longlearn.go.kr,N,N,N,2026-04-08
[개포2] 지중해식 한식 보양,박미현,2026-05-18,2026-08-10,10:00,12:00,요리,성인,오프라인,월요일,개포평생학습센터 요리실,16,72000,서울특별시 강남구 개포로410,서울특별시 강남구청,02-529-1225,2026-04-06,2026-05-10,인터넷,선착순,www.longlearn.go.kr,N,N,N,2026-04-08
평생교육 강사를 위한 장애 인권 감수성 향상 과정4 [5. 13(수) 오후 7시/대치],주은미,2026-05-13,2026-05-13,19:00,21:00,시민참여,성인,오프라인,수요일,대치평생학습관 2강의실,20,0,서울특별시 강남구 영동대로 57길 7,서울특별시 강남구청,02-3423-5288,2026-04-06,2026-05-10,인터넷,선착순,www.longlearn.go.kr,N,N,N,2026-04-08
평생교육 강사를 위한 장애 인권 감수성 향상 과정3 [5. 13(수) 오후 2시/일원],주은미,2026-05-13,2026-05-13,14:00,16:00,시민참여,성인,오프라인,수요일,일원평생학습센터 2강의실,20,0,서울특별시 강남구 영동대로22,서울특별시 강남구청,02-3423-7955,2026-04-20,2026-05-07,인터넷,선착순,www.longlearn.go.kr,N,N,N,2026-04-08
2026. 모두가 함께하는 수어특강-초급,강회주 외,2026-05-11,2026-07-06,10:00,11:30,시민참여,성인,오프라인,월요일+수요일,일원평생학습센터 제9강의실,15,0,서울특별시 강남구 영동대로22,서울특별시 강남구청,02-3423-7955,2026-04-21,2026-04-30,인터넷,선착순,www.longlearn.go.kr,N,N,N,2026-04-08
[논현2][세계인의 날 특강] 주한독일문화원장과 함께하는 우리는 왜 극장에 가는가?,클레멘스 트레터 박사(Dr. Clemens Treter),2026-05-08,2026-05-08,14:00,15:30,기타,성인,오프라인,금요일,논현글로벌평생학습센터 3층 3강의실,40,0,서울특별시 강남구 논현로 131길 40,서울특별시 강남구청,02-788-4292,2026-04-21,2026-04-30,인터넷,선착순,www.longlearn.go.kr,N,N,N,2026-04-08
[논현2][세계인의 날 특강]주한체코문화원장과 함께하는 “체코어 미니어학당”,미샤 에마노브스키(Michal Emanovsky),2026-05-07,2026-05-07,14:00,15:30,기타,성인,오프라인,목요일,논현글로벌평생학습센터 3층 3강의실,40,0,서울특별시 강남구 논현로 131길 40,서울특별시 강남구청,02-788-4292,2026-04-21,2026-04-30,인터넷,선착순,www.longlearn.go.kr,N,N,N,2026-04-08
"[논현2][세계인의 날 특강]주한세르반테스문화원장과 함께하는 문화의 용광로, 스페인",라파엘 부에노 마르티네즈(Rafael Bueno Martinez),2026-05-07,2026-05-07,10:00,11:30,기타,성인,오프라인,목요일,논현글로벌평생학습센터 3층 3강의실,40,0,서울특별시 강남구 논현로 131길 40,서울특별시 강남구청,02-788-4292,2026-04-06,2026-04-30,인터넷,선착순,www.longlearn.go.kr,N,N,N,2026-04-08
평생교육 강사를 위한 장애 인권 감수성 향상 과정2 [5. 6(수) 오후 7시/대치],주은미,2026-05-06,2026-05-06,19:00,21:00,시민참여,성인,오프라인,수요일,대치평생학습관 2강의실,20,0,서울특별시 강남구 영동대로 57길 7,서울특별시 강남구청,02-3423-5288,2026-04-21,2026-04-30,인터넷,선착순,www.longlearn.go.kr,N,N,N,2026-04-08
[논현2][세계인의 날 특강]주한프랑스문화원과 함께하는 “프랑스로의 여행”,토니 샤둑(Tony CHADUC),2026-05-06,2026-05-06,14:00,15:30,기타,성인,오프라인,수요일,논현글로벌평생학습센터 3층 3강의실,40,0,서울특별시 강남구 논현로 131길 40,서울특별시 강남구청,02-788-4292,2026-04-06,2026-04-30,인터넷,선착순,www.longlearn.go.kr,N,N,N,2026-04-08
평생교육 강사를 위한 장애 인권 감수성 향상 과정1 [5. 4(월) 오전10시/일원],주은미,2026-05-04,2026-05-04,10:00,12:00,시민참여,성인,오프라인,월요일,일원평생학습센터 9강의실,20,0,서울특별시 강남구 영동대로22,서울특별시 강남구청,02-3423-7955,2026-04-02,2026-04-28,인터넷,선착순,www.longlearn.go.kr,N,N,N,2026-04-08
★갤러리 특강 part31. - 작가 김희연 작품편,김희연,2026-04-29,2026-04-29,14:00,16:00,미술/서예,성인,오프라인,수요일,일원평생학습센터 라운지1,30,0,서울특별시 강남구 영동대로22,서울특별시 강남구청,02-3423-7955,2026-03-25,2026-03-27,인터넷,선착순,www.longlearn.go.kr,N,N,N,2026-04-08
[열린대학1] <서울대 연계-국가 전문 자격증 취득 과정> 국가유산수리기능자_모사공 (자격대비반),이혜경,2026-04-22,2026-05-27,10:00,13:00,미술/서예,성인,오프라인,수요일,일원평생학습센터 5강의실,20,90000,서울특별시 강남구 영동대로22,서울특별시 강남구청,02-3423-7955,2026-03-25,2026-04-15,인터넷,선착순,www.longlearn.go.kr,N,N,N,2026-04-08
[열린대학1] <동국대 연계-데이터 사이언스 전문가 과정> 판다스 데이터 분석 (입문),성연식,2026-04-21,2026-07-14,19:00,21:00,디지털,성인,오프라인,화요일,일원평생학습센터 3강의실,25,120000,서울특별시 강남구 영동대로22,서울특별시 강남구청,02-3423-7955,2026-03-25,2026-04-07,인터넷,선착순,www.longlearn.go.kr,N,N,N,2026-04-08
[열린대학1] <동국대 연계-데이터 사이언스 전문가 과정> 처음부터 시작하는 파이썬 (입문),성연식,2026-04-20,2026-07-13,19:00,21:00,디지털,성인,오프라인,월요일,일원평생학습센터 3강의실,25,120000,서울특별시 강남구 영동대로22,서울특별시 강남구청,02-3423-7955,2026-03-18,2026-03-18,인터넷,선착순,www.longlearn.go.kr,N,N,N,2026-04-08
[열린대학1] <금융·경제 전문가 과정> 한번에 끝내는 자산관리 (입문) C,유강희,2026-04-16,2026-07-23,10:00,12:00,기타,성인,오프라인,목요일,대치평생학습관 2강의실,20,150000,서울특별시 강남구 영동대로 57길 7,서울특별시 강남구청,02-3423-5288,2026-03-18,2026-03-18,인터넷,선착순,www.longlearn.go.kr,N,N,N,2026-04-08
[열린대학1] <금융·경제 전문가 과정> 한번에 끝내는 자산관리 (입문) B,유강희,2026-04-15,2026-07-29,19:00,21:00,기타,성인,오프라인,수요일,대치평생학습관 1강의실,20,150000,서울특별시 강남구 영동대로 57길 7,서울특별시 강남구청,02-3423-5288,2026-01-06,2026-02-27,인터넷,선착순,www.longlearn.go.kr,N,N,N,2026-04-08
[개포1] 올 어바웃 아메리칸 디저트(B/6회),김하연,2026-03-23,2026-04-27,14:00,16:00,요리,성인,오프라인,월요일,개포평생학습센터 요리실,12,36000,서울특별시 강남구 개포로410,서울특별시 강남구청,02-529-1225,2026-01-06,2026-01-08,인터넷,선착순,www.longlearn.go.kr,N,N,N,2026-04-08
[논현1]6주 안에 마스터하는 영상 편집(Capcut PC)(B/6회),김문경,2026-03-18,2026-04-22,19:00,21:00,기타,성인,오프라인,수요일,논현글로벌평생학습센터 3층 4강의실,16,36000,서울특별시 강남구 논현로 131길 40,서울특별시 강남구청,02-788-4292,2026-01-06,2026-02-05,인터넷,선착순,www.longlearn.go.kr,N,N,N,2026-04-08
[논현1]퍼스널컬러 이미지브랜딩(B/6회),유지현,2026-03-18,2026-04-22,19:00,21:00,기타,성인,오프라인,수요일,논현글로벌평생학습센터 3층 3강의실,15,36000,서울특별시 강남구 논현로 131길 40,서울특별시 강남구청,02-788-4292,2026-02-20,2026-02-27,인터넷,선착순,www.longlearn.go.kr,N,N,N,2026-04-08
[열린대학1] <금융·경제 전문가 과정> 한번에 끝내는 자산관리 (입문) A,유강희,2026-03-06,2026-06-19,10:00,12:00,기타,성인,오프라인,금요일,일원평생학습센터 1강의실,18,150000,서울특별시 강남구 영동대로22,서울특별시 강남구청,02-3423-7955,2026-01-26,2026-02-23,인터넷,선착순,www.longlearn.go.kr,N,N,N,2026-04-08
갤러리 특강 part30. - 작가 정애란 작품편,정애란,2026-02-24,2026-02-24,14:00,16:00,미술/서예,성인,오프라인,화요일,일원평생학습센터 라운지1,34,0,서울특별시 강남구 영동대로22,서울특별시 강남구청,02-3423-7955,2026-01-30,2026-02-06,인터넷,선착순,www.longlearn.go.kr,N,N,N,2026-04-08
강남미술여행<그림같은오후> : 신한갤러리(1차),"김률희, 박주현, 박지현, 이은성",2026-02-11,2026-02-11,14:00,15:30,미술/서예,성인,오프라인,수요일,신한갤러리,45,0,서울특별시 강남구 역삼로 251,서울특별시 강남구청,02-3423-5282,2026-01-06,2026-01-20,인터넷,선착순,www.longlearn.go.kr,N,N,N,2026-04-08
[수서1] 어린이 합창 (B),이승주,2026-01-30,2026-04-17,16:00,16:50,초등,성인,오프라인,금요일,수서평생학습센터 음악강의실,12,36000,서울특별시 강남구 밤고개로165,서울특별시 강남구청,02-451-1225,2026-01-06,2026-01-20,인터넷,선착순,www.longlearn.go.kr,N,N,N,2026-04-08
[수서1] 어린이 합창 (A),이승주,2026-01-30,2026-04-17,15:00,15:50,초등,성인,오프라인,금요일,수서평생학습센터 음악강의실,12,36000,서울특별시 강남구 밤고개로165,서울특별시 강남구청,02-451-1225,2026-01-06,2026-01-20,인터넷,선착순,www.longlearn.go.kr,N,N,N,2026-04-08
[논현1]색연필로 그리는 컬러풀 세상,김민구,2026-01-30,2026-04-17,14:00,16:00,미술/서예,성인,오프라인,금요일,논현글로벌평생학습센터 3층 2강의실,15,72000,서울특별시 강남구 논현로 131길 40,서울특별시 강남구청,02-788-4292,2026-01-06,2026-02-19,인터넷,선착순,www.longlearn.go.kr,N,N,N,2026-04-08
[논현1]미술치료 12주 워크숍: 내 마음지도 찾기,문주,2026-01-30,2026-04-17,14:00,16:00,기타,성인,오프라인,금요일,논현글로벌평생학습센터 3층 2강의실,15,72000,서울특별시 강남구 논현로 131길 40,서울특별시 강남구청,02-788-4292,2026-01-06,2026-02-19,인터넷,선착순,www.longlearn.go.kr,N,N,N,2026-04-08
[일원1] 바다 빛을 품은 자개 공예 (A/6회),유수혜,2026-01-30,2026-03-06,14:00,16:00,도자기/공예,성인,오프라인,금요일,일원평생학습센터 강의실,16,36000,서울특별시 강남구 영동대로22,서울특별시 강남구청,02-3423-7955,2026-01-06,2026-01-20,인터넷,선착순,www.longlearn.go.kr,N,N,N,2026-04-08
"[일원1] 마음치유, 수묵캘리그라피",최남길,2026-01-30,2026-04-17,14:00,16:00,미술/서예,성인,오프라인,금요일,일원평생학습센터 강의실,16,72000,서울특별시 강남구 영동대로22,서울특별시 강남구청,02-3423-7955,2026-01-06,2026-01-07,인터넷,선착순,www.longlearn.go.kr,N,N,N,2026-04-08
[일원1] 실전 부동산경매 투자비법,정희철,2026-01-30,2026-04-17,14:00,16:00,기타,성인,오프라인,금요일,일원평생학습센터 강의실,35,72000,서울특별시 강남구 영동대로22,서울특별시 강남구청,02-3423-7955,2025-12-17,2025-12-17,인터넷,선착순,www.longlearn.go.kr,N,N,N,2026-04-08
(미사용)[일원1] 스마트폰,배정희,2026-01-30,2026-04-17,14:00,16:00,AI,성인,오프라인,금요일,일원평생학습센터 강의실,16,72000,서울특별시 강남구 영동대로22,서울특별시 강남구청,02-3423-7955,2026-01-06,2026-01-20,인터넷,선착순,www.longlearn.go.kr,N,N,N,2026-04-08
[일원1] (시니어)스마트폰 AI 입문교실,배정희,2026-01-30,2026-04-24,14:00,16:00,디지털,성인,오프라인,금요일,일원평생학습센터 강의실,18,72000,서울특별시 강남구 영동대로22,서울특별시 강남구청,02-3423-7955,2026-01-06,2026-02-11,인터넷,선착순,www.longlearn.go.kr,N,N,N,2026-04-08
"[수서1] 클래식, 그림을 듣고 음악을 보다",김주경,2026-01-30,2026-04-17,14:00,16:00,기타,성인,오프라인,금요일,수서평생학습센터 일반강의실,16,72000,서울특별시 강남구 밤고개로165,서울특별시 강남구청,02-451-1225,2026-01-06,2026-01-20,인터넷,선착순,www.longlearn.go.kr,N,N,N,2026-04-08
"[개포1] 다양한 맛, 세계의 누들(면)요리",노주영,2026-01-30,2026-04-17,14:00,16:00,요리,성인,오프라인,금요일,개포평생학습센터 요리실,16,72000,서울특별시 강남구 개포로410,서울특별시 강남구청,02-529-1225,2026-01-06,2026-01-07,인터넷,선착순,www.longlearn.go.kr,N,N,N,2026-04-08
[개포1]  재미있게 쉽게 배우는 일본어 (초·중급),정은경,2026-01-30,2026-04-17,14:00,16:00,일본어,성인,오프라인,금요일,개포평생학습센터 강의실,20,72000,서울특별시 강남구 개포로410,서울특별시 강남구청,02-529-1225,2026-01-06,2026-02-06,인터넷,선착순,www.longlearn.go.kr,N,N,N,2026-04-08
[수서1] 하모니카 (중급),김봉주,2026-01-30,2026-04-17,11:00,11:50,악기,성인,오프라인,금요일,수서평생학습센터 음악강의실,10,36000,서울특별시 강남구 밤고개로165,서울특별시 강남구청,02-451-1225,2026-01-06,2026-01-27,인터넷,선착순,www.longlearn.go.kr,N,N,N,2026-04-08
"[논현1]세계 풍경, 여행을 그리다",이수정,2026-01-30,2026-04-17,10:00,12:00,도자기/공예,성인,오프라인,금요일,논현글로벌평생학습센터 3층 3강의실,15,72000,서울특별시 강남구 논현로 131길 40,서울특별시 강남구청,02-788-4292,2026-01-06,2026-03-06,인터넷,선착순,www.longlearn.go.kr,N,N,N,2026-04-08
[논현1]유럽을 읽는 건축여행,김성은,2026-01-30,2026-04-17,10:00,12:00,기타,성인,오프라인,금요일,논현글로벌평생학습센터 3층 2강의실,16,72000,서울특별시 강남구 논현로 131길 40,서울특별시 강남구청,02-788-4292,2026-01-06,2026-01-20,인터넷,선착순,www.longlearn.go.kr,N,N,N,2026-04-08
[일원1] 영어그림책 낭독하며 행복한 시간,최현희,2026-01-30,2026-04-17,10:00,12:00,영어,성인,오프라인,금요일,일원평생학습센터 강의실,25,72000,서울특별시 강남구 영동대로22,서울특별시 강남구청,02-3423-7955,2026-01-06,2026-01-15,인터넷,선착순,www.longlearn.go.kr,N,N,N,2026-04-08
[일원1] 마음을 담은 색연필화,김민구,2026-01-30,2026-04-17,10:00,12:00,미술/서예,성인,오프라인,금요일,일원평생학습센터 강의실,16,72000,서울특별시 강남구 영동대로22,서울특별시 강남구청,02-3423-7955,2026-01-06,2026-01-20,인터넷,선착순,www.longlearn.go.kr,N,N,N,2026-04-08
[일원1] 법원 경매의 입문과 부동산의 활용실무,김희열,2026-01-30,2026-04-17,10:00,12:00,기타,성인,오프라인,금요일,일원평생학습센터 강의실,35,72000,서울특별시 강남구 영동대로22,서울특별시 강남구청,02-3423-7955,2026-01-06,2026-02-02,인터넷,선착순,www.longlearn.go.kr,N,N,N,2026-04-08
[일원1] 도전 문학창작 글쓰기,최명숙,2026-01-30,2026-04-17,10:00,12:00,인문/독서,성인,오프라인,금요일,일원평생학습센터 강의실,20,72000,서울특별시 강남구 영동대로22,서울특별시 강남구청,02-3423-7955,2026-01-06,2026-02-20,인터넷,선착순,www.longlearn.go.kr,N,N,N,2026-04-08
"[일원1] 오전의 소묘 (연필, 콘테, 오일파스텔)",장용철,2026-01-30,2026-04-17,10:00,12:00,미술/서예,성인,오프라인,금요일,일원평생학습센터 강의실,16,72000,서울특별시 강남구 영동대로22,서울특별시 강남구청,02-3423-7955,2026-01-06,2026-02-09,인터넷,선착순,www.longlearn.go.kr,N,N,N,2026-04-08
[수서1] 하모니카 (기초&초급),김봉주,2026-01-30,2026-04-17,10:00,10:50,악기,성인,오프라인,금요일,수서평생학습센터 음악강의실,10,36000,서울특별시 강남구 밤고개로165,서울특별시 강남구청,02-451-1225,2026-01-06,2026-01-20,인터넷,선착순,www.longlearn.go.kr,N,N,N,2026-04-08
[수서1] 스마트폰 AI 입문교실,배정희,2026-01-30,2026-04-17,10:00,12:00,디지털,성인,오프라인,금요일,수서평생학습센터 일반강의실,16,72000,서울특별시 강남구 밤고개로165,서울특별시 강남구청,02-451-1225,2026-01-06,2026-01-12,인터넷,선착순,www.longlearn.go.kr,N,N,N,2026-04-08
[개포1] 이탈리안 브런치,노주영,2026-01-30,2026-04-17,10:00,12:00,요리,성인,오프라인,금요일,개포평생학습센터,16,72000,서울특별시 강남구 개포로410,서울특별시 강남구청,02-529-1225,2026-01-06,2026-01-20,인터넷,선착순,www.longlearn.go.kr,N,N,N,2026-04-08
[개포1] 미래힐링 사주 명리학,안상호,2026-01-30,2026-04-17,10:00,12:00,인문/독서,성인,오프라인,금요일,개포평생학습센터 강의실,25,72000,서울특별시 강남구 개포로410,서울특별시 강남구청,02-529-1225,2026-01-06,2026-02-23,인터넷,선착순,www.longlearn.go.kr,N,N,N,2026-04-08
[일원1-저녁] 마음이 쉬어가는 통기타 클래스(기초),임곤정,2026-01-29,2026-04-16,19:00,21:00,악기,성인,오프라인,목요일,일원평생학습센터 강의실,16,72000,서울특별시 강남구 영동대로22,서울특별시 강남구청,02-3423-7955,2026-01-06,2026-01-07,인터넷,선착순,www.longlearn.go.kr,N,N,N,2026-04-08
[일원1-저녁] 왕초보를 위한 유튜브 영상제작 (A/6회),김문경,2026-01-29,2026-03-05,19:00,21:00,디지털,성인,오프라인,목요일,일원평생학습센터 강의실,16,36000,서울특별시 강남구 영동대로22,서울특별시 강남구청,02-3423-7955,2026-01-06,2026-01-07,인터넷,선착순,www.longlearn.go.kr,N,N,N,2026-04-08
[일원1-저녁] 경제방송 앵커와 코스피5000 시대의 흐름 읽기,김호수,2026-01-29,2026-04-16,19:00,21:00,기타,성인,오프라인,목요일,일원평생학습센터 강의실,35,72000,서울특별시 강남구 영동대로22,서울특별시 강남구청,02-3423-7955,2026-01-06,2026-03-03,인터넷,선착순,www.longlearn.go.kr,N,N,N,2026-04-08
"[일원1-저녁] 수채화, 일상을 물들이다",송효정,2026-01-29,2026-04-16,19:00,21:00,미술/서예,성인,오프라인,목요일,일원평생학습센터 강의실,16,72000,서울특별시 강남구 영동대로22,서울특별시 강남구청,02-3423-7955,2026-01-06,2026-01-27,인터넷,선착순,www.longlearn.go.kr,N,N,N,2026-04-08
[일원1-저녁] 아는 만큼 맛있고 재미있는 와인 이야기,조정란,2026-01-29,2026-04-16,19:00,21:00,기타,성인,오프라인,목요일,일원평생학습센터 강의실,16,72000,서울특별시 강남구 영동대로22,서울특별시 강남구청,02-3423-7955,2026-01-06,2026-01-30,인터넷,선착순,www.longlearn.go.kr,N,N,N,2026-04-08
[수서1] 목요 피아노 (C),문보영,2026-01-29,2026-04-16,15:30,16:20,악기,성인,오프라인,목요일,수서평생학습센터 음악강의실,5,78000,서울특별시 강남구 밤고개로165,서울특별시 강남구청,02-451-1225,2026-01-06,2026-02-20,인터넷,선착순,www.longlearn.go.kr,N,N,N,2026-04-08
[수서1] 목요 피아노 (B),문보영,2026-01-29,2026-04-16,14:30,15:20,악기,성인,오프라인,목요일,수서평생학습센터 음악강의실,5,78000,서울특별시 강남구 밤고개로165,서울특별시 강남구청,02-451-1225,2026-01-06,2026-01-27,인터넷,선착순,www.longlearn.go.kr,N,N,N,2026-04-08
[논현1]우아한 필체 : 영문캘리그라피 워크숍,민병화,2026-01-29,2026-04-16,14:00,16:00,미술/서예,성인,오프라인,목요일,논현글로벌평생학습센터 3층 3강의실,15,72000,서울특별시 강남구 논현로 131길 40,서울특별시 강남구청,02-788-4292,2026-01-06,2026-01-20,인터넷,선착순,www.longlearn.go.kr,N,N,N,2026-04-08
[일원1] 편하게 노래하는 발성법,심원민,2026-01-29,2026-04-16,14:00,16:00,노래/민요,성인,오프라인,목요일,일원평생학습센터 강의실,16,72000,서울특별시 강남구 영동대로22,서울특별시 강남구청,02-3423-7955,2026-01-06,2026-01-07,인터넷,선착순,www.longlearn.go.kr,N,N,N,2026-04-08
"[일원1] AI와 함께, 유튜브 크리에이터 도전",김희은,2026-01-29,2026-04-16,14:00,16:00,디지털,성인,오프라인,목요일,일원평생학습센터 강의실,18,72000,서울특별시 강남구 영동대로22,서울특별시 강남구청,02-3423-7955,2026-01-06,2026-01-23,인터넷,선착순,www.longlearn.go.kr,N,N,N,2026-04-08
[일원1] 드라마로 익히는 일본어 (중급),박소영,2026-01-29,2026-04-16,14:00,16:00,일본어,성인,오프라인,목요일,일원평생학습센터 강의실,25,72000,서울특별시 강남구 영동대로22,서울특별시 강남구청,02-3423-7955,2026-01-06,2026-02-02,인터넷,선착순,www.longlearn.go.kr,N,N,N,2026-04-08
[일원1] 퍼스널컬러 이미지브랜딩 (A/6회),유지현,2026-01-29,2026-03-05,14:00,16:00,기타,성인,오프라인,목요일,일원평생학습센터 강의실,16,36000,서울특별시 강남구 영동대로22,서울특별시 강남구청,02-3423-7955,2026-01-06,2026-01-29,인터넷,선착순,www.longlearn.go.kr,N,N,N,2026-04-08
[수서1] 법원 경매의 입문과 부동산의 활용실무,김희열,2026-01-29,2026-04-16,14:00,16:00,기타,성인,오프라인,목요일,수서평생학습센터 일반강의실,16,72000,서울특별시 강남구 밤고개로165,서울특별시 강남구청,02-451-1225,2026-01-06,2026-01-20,인터넷,선착순,www.longlearn.go.kr,N,N,N,2026-04-08
[개포1] 세계의 샌드위치와 채소 항염식,박미현,2026-01-29,2026-04-16,14:00,16:00,요리,성인,오프라인,목요일,개포평생학습센터 요리실,16,72000,서울특별시 강남구 개포로410,서울특별시 강남구청,02-529-1225,2026-01-06,2026-01-20,인터넷,선착순,www.longlearn.go.kr,N,N,N,2026-04-08
[개포1] 행복을 담은 그림 민화(중급),박현숙,2026-01-29,2026-04-16,14:00,16:00,미술/서예,성인,오프라인,목요일,개포평생학습센터 강의실,16,72000,서울특별시 강남구 개포로410,서울특별시 강남구청,02-529-1225,2026-01-06,2026-03-31,인터넷,선착순,www.longlearn.go.kr,N,N,N,2026-04-08
[수서1] 목요 피아노 (A),문보영,2026-01-29,2026-04-16,13:30,14:20,악기,성인,오프라인,목요일,수서평생학습센터 음악강의실,5,78000,서울특별시 강남구 밤고개로165,서울특별시 강남구청,02-451-1225,2026-01-06,2026-02-20,인터넷,선착순,www.longlearn.go.kr,N,N,N,2026-04-08
[수서1] 클래식 피아노 (C),김세희,2026-01-29,2026-04-16,11:30,12:20,악기,성인,오프라인,목요일,수서평생학습센터 음악강의실,5,78000,서울특별시 강남구 밤고개로165,서울특별시 강남구청,02-451-1225,2026-01-06,2026-02-20,인터넷,선착순,www.longlearn.go.kr,N,N,N,2026-04-08
[수서1] 클래식 피아노 (B),김세희,2026-01-29,2026-04-16,10:30,11:20,악기,성인,오프라인,목요일,수서평생학습센터 음악강의실,5,78000,서울특별시 강남구 밤고개로165,서울특별시 강남구청,02-451-1225,2026-01-06,2026-01-20,인터넷,선착순,www.longlearn.go.kr,N,N,N,2026-04-08
"[논현1]AI와 함께, 유튜브 크리에이터 도전기",김희은,2026-01-29,2026-04-16,10:00,12:00,디지털,성인,오프라인,목요일,논현글로벌평생학습센터 3층 3강의실,16,72000,서울특별시 강남구 논현로 131길 40,서울특별시 강남구청,02-788-4292,2026-01-06,2026-01-15,인터넷,선착순,www.longlearn.go.kr,N,N,N,2026-04-08
[수서1] 현지에서 먹히는 일본어 (초급),박소영,2026-01-29,2026-04-16,10:00,12:00,일본어,성인,오프라인,목요일,수서평생학습센터 일반강의실,16,72000,서울특별시 강남구 밤고개로165,서울특별시 강남구청,02-451-1225,2026-01-06,2026-02-25,인터넷,선착순,www.longlearn.go.kr,N,N,N,2026-04-08
[일원1] 연필 드로잉,김래형,2026-01-29,2026-04-16,10:00,12:00,미술/서예,성인,오프라인,목요일,일원평생학습센터 강의실,20,72000,서울특별시 강남구 영동대로22,서울특별시 강남구청,02-3423-7955,2026-01-06,2026-02-13,인터넷,선착순,www.longlearn.go.kr,N,N,N,2026-04-08
"[일원1] 클래식, 그림을 듣고 음악을 보다",김주경,2026-01-29,2026-04-16,10:00,12:00,기타,성인,오프라인,목요일,일원평생학습센터 강의실,30,72000,서울특별시 강남구 영동대로22,서울특별시 강남구청,02-3423-7955,2026-01-06,2026-01-15,인터넷,선착순,www.longlearn.go.kr,N,N,N,2026-04-08
[일원1] 나만의 사진 작품 만들기,강승진,2026-01-29,2026-04-16,10:00,12:00,기타,성인,오프라인,목요일,일원평생학습센터 강의실,18,72000,서울특별시 강남구 영동대로22,서울특별시 강남구청,02-3423-7955,2026-01-06,2026-01-07,인터넷,선착순,www.longlearn.go.kr,N,N,N,2026-04-08
[일원1] 실전 국내 증시투자 바로알기 (기본),반종민,2026-01-29,2026-04-16,10:00,12:00,기타,성인,오프라인,목요일,일원평생학습센터 강의실,35,72000,서울특별시 강남구 영동대로22,서울특별시 강남구청,02-3423-7955,2026-01-06,2026-02-20,인터넷,선착순,www.longlearn.go.kr,N,N,N,2026-04-08
[일원1] (시니어)AI와 함께하는 FUN 스마트폰 활용,최영하,2026-01-29,2026-04-16,10:00,12:00,디지털,성인,오프라인,목요일,일원평생학습센터 강의실,18,72000,서울특별시 강남구 영동대로22,서울특별시 강남구청,02-3423-7955,2026-01-06,2026-02-04,인터넷,선착순,www.longlearn.go.kr,N,N,N,2026-04-08
[일원1] 프랑스 자수,조정선,2026-01-29,2026-04-16,10:00,12:00,도자기/공예,성인,오프라인,목요일,일원평생학습센터 강의실,16,72000,서울특별시 강남구 영동대로22,서울특별시 강남구청,02-3423-7955,2026-01-06,2026-01-20,인터넷,선착순,www.longlearn.go.kr,N,N,N,2026-04-08
[개포1] 스마트폰사진 촬영과 편집,김진희,2026-01-29,2026-04-16,10:00,12:00,취미,성인,오프라인,목요일,개포평생학습센터 강의실,16,72000,서울특별시 강남구 개포로410,서울특별시 강남구청,02-529-1225,2026-01-06,2026-01-20,인터넷,선착순,www.longlearn.go.kr,N,N,N,2026-04-08
[수서1] 클래식 피아노 (A),김세희,2026-01-29,2026-04-16,09:30,10:20,악기,성인,오프라인,목요일,수서평생학습센터 음악강의실,5,78000,서울특별시 강남구 밤고개로165,서울특별시 강남구청,02-451-1225,2026-01-06,2026-01-29,인터넷,선착순,www.longlearn.go.kr,N,N,N,2026-04-08
[논현1]자신감있는 품격 스피치(A/6회),김선주,2026-01-28,2026-03-11,19:00,21:00,기타,성인,오프라인,수요일,논현글로벌평생학습센터 3층 1강의실,15,36000,서울특별시 강남구 논현로 131길 40,서울특별시 강남구청,02-788-4292,2026-01-06,2026-01-30,인터넷,선착순,www.longlearn.go.kr,N,N,N,2026-04-08
[논현1]한국외대와 함께하는 독일어 첫걸음&여행회화,이혜미,2026-01-28,2026-04-22,19:00,21:00,기타,성인,오프라인,수요일,논현글로벌평생학습센터 3층 2강의실,15,72000,서울특별시 강남구 논현로 131길 40,서울특별시 강남구청,02-788-4292,2026-01-06,2026-03-03,인터넷,선착순,www.longlearn.go.kr,N,N,N,2026-04-08
[논현1]원어민과 함께하는 비즈니스 영어,앤드류 P. 오토 (Andrew P. Otto),2026-01-28,2026-04-22,19:00,21:00,영어,성인,오프라인,수요일,논현글로벌평생학습센터 3층 3강의실,15,72000,서울특별시 강남구 논현로 131길 40,서울특별시 강남구청,02-788-4292,2026-01-06,2026-01-08,인터넷,선착순,www.longlearn.go.kr,N,N,N,2026-04-08
[논현1]상상 그 이상 AI 영상창작 클래스(A/6회),민지애,2026-01-28,2026-03-11,19:00,21:00,디지털,성인,오프라인,수요일,논현글로벌평생학습센터 3층 4강의실,16,36000,서울특별시 강남구 논현로 131길 40,서울특별시 강남구청,02-788-4292,2026-01-06,2026-03-10,인터넷,선착순,www.longlearn.go.kr,N,N,N,2026-04-08
[논현1]영어 토탈리스닝(초중급),유선화,2026-01-28,2026-04-22,14:00,16:00,영어,성인,오프라인,수요일,논현글로벌평생학습센터 3층 4강의실,15,72000,서울특별시 강남구 논현로 131길 40,서울특별시 강남구청,02-788-4292,2026-01-06,2026-02-04,인터넷,선착순,www.longlearn.go.kr,N,N,N,2026-04-08
[논현1]영화로 떠나는 스페인·중남미 인문학 여행,한준,2026-01-28,2026-04-22,14:00,16:00,기타,성인,오프라인,수요일,논현글로벌평생학습센터 3층 3강의실,20,72000,서울특별시 강남구 논현로 131길 40,서울특별시 강남구청,02-788-4292,2026-01-06,2026-02-04,인터넷,선착순,www.longlearn.go.kr,N,N,N,2026-04-08
[일원1] 프리미엄 마스터피스 플라워 클래스,김태실,2026-01-28,2026-04-22,14:00,16:00,취미,성인,오프라인,수요일,일원평생학습센터 강의실,16,72000,서울특별시 강남구 영동대로22,서울특별시 강남구청,02-3423-7955,2026-01-06,2026-02-19,인터넷,선착순,www.longlearn.go.kr,N,N,N,2026-04-08
[일원1] 영어 스피킹&라이팅 핵심 뽀개기,임수진,2026-01-28,2026-04-22,14:00,16:00,영어,성인,오프라인,수요일,일원평생학습센터 강의실,30,72000,서울특별시 강남구 영동대로22,서울특별시 강남구청,02-3423-7955,2026-01-06,2026-01-12,인터넷,선착순,www.longlearn.go.kr,N,N,N,2026-04-08
[일원1] 캔바&AI활용 그래픽 디자인,류한민,2026-01-28,2026-04-22,14:00,16:00,디지털,성인,오프라인,수요일,일원평생학습센터 강의실,18,72000,서울특별시 강남구 영동대로22,서울특별시 강남구청,02-3423-7955,2026-01-06,2026-01-22,인터넷,선착순,www.longlearn.go.kr,N,N,N,2026-04-08
[일원1] 미래힐링 사주 명리학,안상호,2026-01-28,2026-04-22,14:00,16:00,기타,성인,오프라인,수요일,일원평생학습센터 강의실,30,72000,서울특별시 강남구 영동대로22,서울특별시 강남구청,02-3423-7955,2026-01-06,2026-02-19,인터넷,선착순,www.longlearn.go.kr,N,N,N,2026-04-08
[일원1] 명작동화 속에 숨어있는 철학이야기,박혜순,2026-01-28,2026-04-22,14:00,16:00,인문/독서,성인,오프라인,수요일,일원평생학습센터 강의실,18,72000,서울특별시 강남구 영동대로22,서울특별시 강남구청,02-3423-7955,2026-01-06,2026-01-20,인터넷,선착순,www.longlearn.go.kr,N,N,N,2026-04-08
[수서1] 통기타 (기초),임곤정,2026-01-28,2026-04-22,14:00,16:00,악기,성인,오프라인,수요일,수서평생학습센터 음악강의실,12,72000,서울특별시 강남구 밤고개로165,서울특별시 강남구청,02-451-1225,2026-01-06,2026-01-21,인터넷,선착순,www.longlearn.go.kr,N,N,N,2026-04-08
[수서1] 화가의 삶과 예술의 드라마,김현진,2026-01-28,2026-04-22,14:00,16:00,인문/독서,성인,오프라인,수요일,수서평생학습센터 일반강의실,16,72000,서울특별시 강남구 밤고개로165,서울특별시 강남구청,02-451-1225,2026-01-06,2026-02-18,인터넷,선착순,www.longlearn.go.kr,N,N,N,2026-04-08
[개포1] 실전 부동산 경매 투자비법,정희철,2026-01-28,2026-04-22,14:00,16:00,기타,성인,오프라인,수요일,개포평생학습센터 강의실,30,72000,서울특별시 강남구 개포로410,서울특별시 강남구청,02-529-1225,2026-01-06,2026-02-04,인터넷,선착순,www.longlearn.go.kr,N,N,N,2026-04-08
[수서1] 플루트 교실 (중급),노현지,2026-01-28,2026-04-22,11:00,11:50,악기,성인,오프라인,수요일,수서평생학습센터 음악강의실,10,36000,서울특별시 강남구 밤고개로165,서울특별시 강남구청,02-451-1225,2026-01-06,2026-01-20,인터넷,선착순,www.longlearn.go.kr,N,N,N,2026-04-08
[일원1] 행복을 담은 그림 민화(초급),박현숙,2026-01-28,2026-04-22,10:00,12:00,미술/서예,성인,오프라인,수요일,일원평생학습센터 강의실,16,72000,서울특별시 강남구 영동대로22,서울특별시 강남구청,02-3423-7955,2026-01-06,2026-01-08,인터넷,선착순,www.longlearn.go.kr,N,N,N,2026-04-08
[일원1] 타노시이 니홍고(즐거운 일본어),변정현,2026-01-28,2026-04-22,10:00,12:00,일본어,성인,오프라인,수요일,일원평생학습센터 강의실,25,72000,서울특별시 강남구 영동대로22,서울특별시 강남구청,02-3423-7955,2026-01-06,2026-01-20,인터넷,선착순,www.longlearn.go.kr,N,N,N,2026-04-08
"[일원1] 힐링연필&색연필스케치(인물화,풍경화,꽃)",김은영,2026-01-28,2026-04-22,10:00,12:00,취미,성인,오프라인,수요일,일원평생학습센터 강의실,16,72000,서울특별시 강남구 영동대로22,서울특별시 강남구청,02-3423-7955,2026-01-06,2026-01-26,인터넷,선착순,www.longlearn.go.kr,N,N,N,2026-04-08
[일원1] 쉽게 통하는 엄마표 학습코칭(A/6회),하혜정,2026-01-28,2026-03-11,10:00,12:00,기타,성인,오프라인,수요일,일원평생학습센터 강의실,16,36000,서울특별시 강남구 영동대로22,서울특별시 강남구청,02-3423-7955,2026-01-06,2026-01-30,인터넷,선착순,www.longlearn.go.kr,N,N,N,2026-04-08
[수서1] 플루트 교실 (초급),노현지,2026-01-28,2026-04-22,10:00,10:50,악기,성인,오프라인,수요일,수서평생학습센터 음악강의실,10,36000,서울특별시 강남구 밤고개로165,서울특별시 강남구청,02-451-1225,2026-01-06,2026-02-03,인터넷,선착순,www.longlearn.go.kr,N,N,N,2026-04-08
[수서1] 유러피안플라워 &플로리스트,이승은,2026-01-28,2026-04-22,10:00,12:00,취미,성인,오프라인,수요일,수서평생학습센터 일반강의실,16,72000,서울특별시 강남구 밤고개로165,서울특별시 강남구청,02-451-1225,2026-01-06,2026-01-20,인터넷,선착순,www.longlearn.go.kr,N,N,N,2026-04-08
[개포1] 저속노화 요리교실,안응자,2026-01-28,2026-04-22,10:00,12:00,요리,성인,오프라인,수요일,개포평생학습센터 요리실,16,72000,서울특별시 강남구 개포로410,서울특별시 강남구청,02-529-1225,2026-01-06,2026-01-20,인터넷,선착순,www.longlearn.go.kr,N,N,N,2026-04-08
[개포1] 연필 드로잉,김래형,2026-01-28,2026-04-22,10:00,12:00,미술/서예,성인,오프라인,수요일,개포평생학습센터 강의실,16,72000,서울특별시 강남구 개포로410,서울특별시 강남구청,02-529-1225,2026-01-06,2026-01-20,인터넷,선착순,www.longlearn.go.kr,N,N,N,2026-04-08
[개포1] 한그릇 건강 요리교실,안응자,2026-01-27,2026-04-21,19:00,21:00,요리,성인,오프라인,화요일,개포평생학습센터 요리실,16,72000,서울특별시 강남구 개포로410,서울특별시 강남구청,02-529-1225,2026-01-06,2026-01-20,인터넷,선착순,www.longlearn.go.kr,N,N,N,2026-04-08
[개포1] 자신감 있는 품격 스피치,김선주,2026-01-27,2026-04-21,19:00,21:00,기타,성인,오프라인,화요일,개포평생학습센터 강의실,20,72000,서울특별시 강남구 개포로410,서울특별시 강남구청,02-529-1225,2026-01-06,2026-03-19,인터넷,선착순,www.longlearn.go.kr,N,N,N,2026-04-08
[수서1] 어린이 피아노 (B),문채현,2026-01-27,2026-04-21,15:30,16:20,초등,성인,오프라인,화요일,수서평생학습센터 음악강의실,5,78000,서울특별시 강남구 밤고개로165,서울특별시 강남구청,02-451-1225,2026-01-06,2026-01-20,인터넷,선착순,www.longlearn.go.kr,N,N,N,2026-04-08
[논현1][특화] 한국외대와 함께하는 일본어 초급Ⅳ,"김병숙, 미즈구치 나츠코",2026-01-27,2026-04-21,15:00,16:30,일본어,성인,오프라인,화요일+목요일,논현글로벌평생학습센터 3층 4강의실,12,180000,서울특별시 강남구 논현로 131길 40,서울특별시 강남구청,02-788-4292,2026-01-06,2026-01-20,인터넷,선착순,www.longlearn.go.kr,N,N,N,2026-04-08
[개포1] 아빠요리교실,안응자,2026-01-27,2026-04-21,15:00,17:00,요리,성인,오프라인,화요일,개포평생학습센터 요리실,16,72000,서울특별시 강남구 개포로410,서울특별시 강남구청,02-529-1225,2026-01-06,2026-03-09,인터넷,선착순,www.longlearn.go.kr,N,N,N,2026-04-08
[수서1] 어린이 피아노 (A),문채현,2026-01-27,2026-04-21,14:30,15:20,초등,성인,오프라인,화요일,수서평생학습센터 음악강의실,5,78000,서울특별시 강남구 밤고개로165,서울특별시 강남구청,02-451-1225,2026-01-06,2026-01-20,인터넷,선착순,www.longlearn.go.kr,N,N,N,2026-04-08
[논현1][특화] 원어민과 함께하는 스크린 영어,브라이언 스튜어트 (Brian Stuart),2026-01-27,2026-04-21,14:00,15:30,영어,성인,오프라인,화요일+목요일,논현글로벌평생학습센터 3층 1강의실,12,180000,서울특별시 강남구 논현로 131길 40,서울특별시 강남구청,02-788-4292,2026-01-06,2026-01-20,인터넷,선착순,www.longlearn.go.kr,N,N,N,2026-04-08
[논현1]AI & Procreate로 완성하는 디지털 일러스트,이필두,2026-01-27,2026-04-21,14:00,16:00,디지털,성인,오프라인,화요일,논현글로벌평생학습센터 3층 3강의실,16,72000,서울특별시 강남구 논현로 131길 40,서울특별시 강남구청,02-788-4292,2026-01-06,2026-01-20,인터넷,선착순,www.longlearn.go.kr,N,N,N,2026-04-08
[일원1] 재미있는 인물화 캐리커쳐,김희진,2026-01-27,2026-04-21,14:00,16:00,미술/서예,성인,오프라인,화요일,일원평생학습센터 강의실,16,72000,서울특별시 강남구 영동대로22,서울특별시 강남구청,02-3423-7955,2026-01-06,2026-01-20,인터넷,선착순,www.longlearn.go.kr,N,N,N,2026-04-08
[일원1] 서양미술사와 함께하는 해외 미술관 산책,김동현,2026-01-27,2026-04-21,14:00,16:00,인문/독서,성인,오프라인,화요일,일원평생학습센터 강의실,30,72000,서울특별시 강남구 영동대로22,서울특별시 강남구청,02-3423-7955,2025-12-16,2025-12-16,인터넷,선착순,www.longlearn.go.kr,N,N,N,2026-04-08
(미사용)(일원1) 부동산경매,김병진,2026-01-27,2026-04-21,14:00,16:00,기타,성인,오프라인,화요일,일원평생학습센터 강의실,35,72000,서울특별시 강남구 영동대로22,서울특별시 강남구청,02-3423-7955,2026-01-06,2026-02-02,인터넷,선착순,www.longlearn.go.kr,N,N,N,2026-04-08
[일원1] 부동산경매 고급실전과정(기초+총괄편),김병진,2026-01-27,2026-04-21,14:00,16:00,기타,성인,오프라인,화요일,일원평생학습센터 강의실,35,72000,서울특별시 강남구 영동대로22,서울특별시 강남구청,02-3423-7955,2026-01-06,2026-01-20,인터넷,선착순,www.longlearn.go.kr,N,N,N,2026-04-08
[일원1] 인물로 읽는 『사기 史記』: 인간의 욕망과 선택의 역사,노은정,2026-01-27,2026-04-21,14:00,16:00,인문/독서,성인,오프라인,화요일,일원평생학습센터 강의실,18,72000,서울특별시 강남구 영동대로22,서울특별시 강남구청,02-3423-7955,2026-01-06,2026-02-03,인터넷,선착순,www.longlearn.go.kr,N,N,N,2026-04-08
[수서1] 내 마음의 비밀지도: 셀프 타로,양은미,2026-01-27,2026-04-21,14:00,16:00,취미,성인,오프라인,화요일,수서평생학습센터 일반강의실,16,72000,서울특별시 강남구 밤고개로165,서울특별시 강남구청,02-451-1225,2026-01-06,2026-02-24,인터넷,선착순,www.longlearn.go.kr,N,N,N,2026-04-08
[수서1] 화요 피아노,문채현,2026-01-27,2026-04-21,13:30,14:20,악기,성인,오프라인,화요일,수서평생학습센터 음악강의실,5,78000,서울특별시 강남구 밤고개로165,서울특별시 강남구청,02-451-1225,2026-01-06,2026-02-10,인터넷,선착순,www.longlearn.go.kr,N,N,N,2026-04-08
[논현1][특화] 한국외대와 함께하는 일본어 초급Ⅲ,"김병숙, 미즈구치 나츠코",2026-01-27,2026-04-21,13:20,14:50,일본어,성인,오프라인,화요일+목요일,논현글로벌평생학습센터 3층 4강의실,12,180000,서울특별시 강남구 논현로 131길 40,서울특별시 강남구청,02-788-4292,2026-01-06,2026-02-10,인터넷,선착순,www.longlearn.go.kr,N,N,N,2026-04-08
[논현1][특화] 세르반테스문화원과 함께하는 스페인어 회화 초급 A2,레이스 곤살레스 포르텔라(Reyes González Portela),2026-01-27,2026-04-21,13:20,14:50,기타외국어,성인,오프라인,화요일+목요일,논현글로벌평생학습센터 3층 2강의실,12,180000,서울특별시 강남구 논현로 131길 40,서울특별시 강남구청,02-788-4292,2026-01-06,2026-02-24,인터넷,선착순,www.longlearn.go.kr,N,N,N,2026-04-08
[수서1] 화요오전 피아노 (C),허진주,2026-01-27,2026-04-21,11:30,12:20,악기,성인,오프라인,화요일,수서평생학습센터 음악강의실,5,78000,서울특별시 강남구 밤고개로165,서울특별시 강남구청,02-451-1225,2026-01-06,2026-02-05,인터넷,선착순,www.longlearn.go.kr,N,N,N,2026-04-08
[논현1][특화] 한국외대와 함께하는 일본어 초급Ⅱ,"변정현, 미즈구치 나츠코",2026-01-27,2026-04-21,10:30,12:00,일본어,성인,오프라인,화요일+목요일,논현글로벌평생학습센터 3층 4강의실,12,180000,서울특별시 강남구 논현로 131길 40,서울특별시 강남구청,02-788-4292,2026-01-06,2026-02-10,인터넷,선착순,www.longlearn.go.kr,N,N,N,2026-04-08
[논현1][특화] 세르반테스문화원과 함께하는 스페인어 회화 첫걸음 A1,레이스 곤살레스 포르텔라(Reyes González Portela),2026-01-27,2026-04-21,10:30,12:00,기타외국어,성인,오프라인,화요일+목요일,논현글로벌평생학습센터 3층 2강의실,12,180000,서울특별시 강남구 논현로 131길 40,서울특별시 강남구청,02-788-4292,2026-01-06,2026-02-24,인터넷,선착순,www.longlearn.go.kr,N,N,N,2026-04-08
[수서1] 화요오전 피아노 (B),허진주,2026-01-27,2026-04-21,10:30,11:20,악기,성인,오프라인,화요일,수서평생학습센터 음악강의실,5,78000,서울특별시 강남구 밤고개로165,서울특별시 강남구청,02-451-1225,2026-01-06,2026-01-20,인터넷,선착순,www.longlearn.go.kr,N,N,N,2026-04-08
[논현1] 원어민과 함께하는 쿼라(Quora) 생생영어,브라이언 스튜어트 (Brian Stuart),2026-01-27,2026-04-21,10:00,11:30,영어,성인,오프라인,화요일+목요일,논현글로벌평생학습센터 3층 1강의실,12,180000,서울특별시 강남구 논현로 131길 40,서울특별시 강남구청,02-788-4292,2026-01-06,2026-01-20,인터넷,선착순,www.longlearn.go.kr,N,N,N,2026-04-08
[일원1] 지휘자와 함께하는 가곡의 세계,이선욱,2026-01-27,2026-04-21,10:00,12:00,노래/민요,성인,오프라인,화요일,일원평생학습센터 강의실,16,72000,서울특별시 강남구 영동대로22,서울특별시 강남구청,02-3423-7955,2026-01-06,2026-01-20,인터넷,선착순,www.longlearn.go.kr,N,N,N,2026-04-08
[일원1] 생활여행영어,구본희,2026-01-27,2026-04-21,10:00,12:00,영어,성인,오프라인,화요일,일원평생학습센터 강의실,20,72000,서울특별시 강남구 영동대로22,서울특별시 강남구청,02-3423-7955,2026-01-06,2026-01-20,인터넷,선착순,www.longlearn.go.kr,N,N,N,2026-04-08
[일원1] 일상에서 쓰는 영문 손글씨 클래스,민병화,2026-01-27,2026-04-21,10:00,12:00,취미,성인,오프라인,화요일,일원평생학습센터 강의실,16,72000,서울특별시 강남구 영동대로22,서울특별시 강남구청,02-3423-7955,2026-01-06,2026-01-20,인터넷,선착순,www.longlearn.go.kr,N,N,N,2026-04-08
[일원1] 에세이 쓰기 입문,유영희,2026-01-27,2026-04-21,10:00,12:00,인문/독서,성인,오프라인,화요일,일원평생학습센터 강의실,16,72000,서울특별시 강남구 영동대로22,서울특별시 강남구청,02-3423-7955,2026-01-06,2026-02-09,인터넷,선착순,www.longlearn.go.kr,N,N,N,2026-04-08
[수서1] 아는 영어 말고 (말)하는 영어,신은영,2026-01-27,2026-04-21,10:00,12:00,영어,성인,오프라인,화요일,수서평생학습센터 일반강의실,16,72000,서울특별시 강남구 밤고개로165,서울특별시 강남구청,02-451-1225,2026-01-06,2026-01-20,인터넷,선착순,www.longlearn.go.kr,N,N,N,2026-04-08
[수서1] 화요오전 피아노 (A),허진주,2026-01-27,2026-04-21,09:30,10:20,악기,성인,오프라인,화요일,수서평생학습센터 음악강의실,5,78000,서울특별시 강남구 밤고개로165,서울특별시 강남구청,02-451-1225,2026-01-06,2026-01-23,인터넷,선착순,www.longlearn.go.kr,N,N,N,2026-04-08
[논현1][특화] 프랑스 대사관 어학센터와 함께하는 프랑스어 첫걸음 A1.1,아나이스 쿤(Anaïs KUHN),2026-01-26,2026-04-27,15:00,16:30,기타외국어,성인,오프라인,월요일+수요일,논현글로벌평생학습센터 3층 2강의실,12,180000,서울특별시 강남구 논현로 131길 40,서울특별시 강남구청,02-788-4292,2026-01-06,2026-01-08,인터넷,선착순,www.longlearn.go.kr,N,N,N,2026-04-08
[논현1]원어민과 함께하는 프리토킹 영어,데클런 그리핀(Declan Griffin),2026-01-26,2026-04-27,14:30,16:30,영어,성인,오프라인,월요일,논현글로벌평생학습센터 3층 4강의실,15,72000,서울특별시 강남구 논현로 131길 40,서울특별시 강남구청,02-788-4292,2026-01-06,2026-01-20,인터넷,선착순,www.longlearn.go.kr,N,N,N,2026-04-08
[논현1]나를 마주한 도쿄미술관 여행,박영랑,2026-01-26,2026-04-27,14:00,16:00,기타,성인,오프라인,월요일,논현글로벌평생학습센터 3층 3강의실,20,72000,서울특별시 강남구 논현로 131길 40,서울특별시 강남구청,02-788-4292,2026-01-06,2026-01-20,인터넷,선착순,www.longlearn.go.kr,N,N,N,2026-04-08
[일원1] 한땀한땀 만드는 가죽공예,강서희,2026-01-26,2026-04-27,14:00,16:00,도자기/공예,성인,오프라인,월요일,일원평생학습센터 강의실,18,72000,서울특별시 강남구 영동대로22,서울특별시 강남구청,02-3423-7955,2026-01-06,2026-02-02,인터넷,선착순,www.longlearn.go.kr,N,N,N,2026-04-08
[일원1] 알고 보면 더 재미있는 뮤지컬,김연란,2026-01-26,2026-04-27,14:00,16:00,기타,성인,오프라인,월요일,일원평생학습센터 강의실,30,72000,서울특별시 강남구 영동대로22,서울특별시 강남구청,02-3423-7955,2026-01-06,2026-01-20,인터넷,선착순,www.longlearn.go.kr,N,N,N,2026-04-08
[일원1] (시니어)생성형 AI를 활용한 콘텐츠 제작,정경혜,2026-01-26,2026-04-27,14:00,16:00,디지털,성인,오프라인,월요일,일원평생학습센터 강의실,18,72000,서울특별시 강남구 영동대로22,서울특별시 강남구청,02-3423-7955,2026-01-06,2026-01-20,인터넷,선착순,www.longlearn.go.kr,N,N,N,2026-04-08
[일원1] 영어 토탈리스닝(초중급),유선화,2026-01-26,2026-04-27,14:00,16:00,영어,성인,오프라인,월요일,일원평생학습센터 강의실,20,72000,서울특별시 강남구 영동대로22,서울특별시 강남구청,02-3423-7955,2026-01-06,2026-01-20,인터넷,선착순,www.longlearn.go.kr,N,N,N,2026-04-08
[일원1] 오디오드라마 제작과 낭독하기,이서륜,2026-01-26,2026-04-27,14:00,16:00,취미,성인,오프라인,월요일,일원평생학습센터 강의실,16,72000,서울특별시 강남구 영동대로22,서울특별시 강남구청,02-3423-7955,2026-01-06,2026-02-13,인터넷,선착순,www.longlearn.go.kr,N,N,N,2026-04-08
[수서1] 오카리나,하은순,2026-01-26,2026-04-27,14:00,16:00,악기,성인,오프라인,월요일,수서평생학습센터 음악강의실,12,72000,서울특별시 강남구 밤고개로165,서울특별시 강남구청,02-451-1225,2026-01-06,2026-01-28,인터넷,선착순,www.longlearn.go.kr,N,N,N,2026-04-08
[수서1] 한 붓으로 그려요 (기초 수채화),송효정,2026-01-26,2026-04-27,14:00,16:00,미술/서예,성인,오프라인,월요일,수서평생학습센터 일반강의실,16,72000,서울특별시 강남구 밤고개로165,서울특별시 강남구청,02-451-1225,2026-01-06,2026-01-20,인터넷,선착순,www.longlearn.go.kr,N,N,N,2026-04-08
[개포1] 여행도 일상도 톡톡 영어,임수진,2026-01-26,2026-04-27,14:00,16:00,영어,성인,오프라인,월요일,개포평생학습센터 강의실,30,72000,서울특별시 강남구 개포로410,서울특별시 강남구청,02-529-1225,2026-01-06,2026-01-08,인터넷,선착순,www.longlearn.go.kr,N,N,N,2026-04-08
[논현1][특화] 프랑스 대사관 어학센터와 함께하는 프랑스어 초중급 A2.3,아나이스 쿤(Anaïs KUHN),2026-01-26,2026-04-27,13:20,14:50,기타외국어,성인,오프라인,월요일+수요일,논현글로벌평생학습센터 3층 2강의실,12,180000,서울특별시 강남구 논현로 131길 40,서울특별시 강남구청,02-788-4292,2026-01-06,2026-01-28,인터넷,선착순,www.longlearn.go.kr,N,N,N,2026-04-08
[논현1][특화] 이탈리아어 첫걸음,이운영,2026-01-26,2026-04-27,13:20,14:50,기타외국어,성인,오프라인,월요일+수요일,논현글로벌평생학습센터 3층 1강의실,12,180000,서울특별시 강남구 논현로 131길 40,서울특별시 강남구청,02-788-4292,2026-01-06,2026-01-08,인터넷,선착순,www.longlearn.go.kr,N,N,N,2026-04-08
[논현1][특화] 프랑스 대사관 어학센터와 함께하는  프랑스어 초중급 A2.2,아나이스 쿤(Anaïs KUHN),2026-01-26,2026-04-27,10:30,12:00,기타외국어,성인,오프라인,월요일+수요일,논현글로벌평생학습센터 3층 2강의실,12,180000,서울특별시 강남구 논현로 131길 40,서울특별시 강남구청,02-788-4292,2026-01-06,2026-02-23,인터넷,선착순,www.longlearn.go.kr,N,N,N,2026-04-08
[논현1][특화] 이탈리아어 초급Ⅱ,이운영,2026-01-26,2026-04-27,10:30,12:00,기타외국어,성인,오프라인,월요일+수요일,논현글로벌평생학습센터 3층 1강의실,12,180000,서울특별시 강남구 논현로 131길 40,서울특별시 강남구청,02-788-4292,2026-01-06,2026-03-04,인터넷,선착순,www.longlearn.go.kr,N,N,N,2026-04-08
[논현1][특화] 원어민과 함께하는 여행&대화 영어,앤드류 P. 오토 (Andrew P. Otto),2026-01-26,2026-04-27,10:00,11:30,영어,성인,오프라인,월요일+수요일,논현글로벌평생학습센터 3층 4강의실,12,180000,서울특별시 강남구 논현로 131길 40,서울특별시 강남구청,02-788-4292,2026-01-06,2026-01-08,인터넷,선착순,www.longlearn.go.kr,N,N,N,2026-04-08
[논현1]글로벌 경제와 증시투자 이해[기본],반종민,2026-01-26,2026-04-27,10:00,12:00,기타,성인,오프라인,월요일,논현글로벌평생학습센터 3층 3강의실,20,72000,서울특별시 강남구 논현로 131길 40,서울특별시 강남구청,02-788-4292,2026-01-06,2026-01-20,인터넷,선착순,www.longlearn.go.kr,N,N,N,2026-04-08
[일원1] 유러피안 플라워 클래스,이승은,2026-01-26,2026-04-27,10:00,12:00,취미,성인,오프라인,월요일,일원평생학습센터 강의실,16,72000,서울특별시 강남구 영동대로22,서울특별시 강남구청,02-3423-7955,2026-01-06,2026-01-20,인터넷,선착순,www.longlearn.go.kr,N,N,N,2026-04-08
[일원1] iPad로 그리는 감성 풍경/정물드로잉,이필두,2026-01-26,2026-04-27,10:00,12:00,디지털,성인,오프라인,월요일,일원평생학습센터 강의실,20,72000,서울특별시 강남구 영동대로22,서울특별시 강남구청,02-3423-7955,2026-01-06,2026-01-28,인터넷,선착순,www.longlearn.go.kr,N,N,N,2026-04-08
[일원1] 미술관에서 삶을 보다,박영랑,2026-01-26,2026-04-27,10:00,12:00,인문/독서,성인,오프라인,월요일,일원평생학습센터 강의실,30,72000,서울특별시 강남구 영동대로22,서울특별시 강남구청,02-3423-7955,2026-01-06,2026-01-20,인터넷,선착순,www.longlearn.go.kr,N,N,N,2026-04-08
[일원1] 인물이 있는 생동감 있는 풍경 드로잉,이수정,2026-01-26,2026-04-27,10:00,12:00,취미,성인,오프라인,월요일,일원평생학습센터 강의실,16,72000,서울특별시 강남구 영동대로22,서울특별시 강남구청,02-3423-7955,2026-01-06,2026-01-20,인터넷,선착순,www.longlearn.go.kr,N,N,N,2026-04-08
"[일원1] 한국의 미, 전통매듭공예",박진영,2026-01-26,2026-04-27,10:00,12:00,도자기/공예,성인,오프라인,월요일,일원평생학습센터 강의실,16,72000,서울특별시 강남구 영동대로22,서울특별시 강남구청,02-3423-7955,2026-01-06,2026-02-10,인터넷,선착순,www.longlearn.go.kr,N,N,N,2026-04-08
[수서1] 편하게 노래하는 발성법,심원민,2026-01-26,2026-04-27,10:00,12:00,노래/민요,성인,오프라인,월요일,수서평생학습센터 음악강의실,12,72000,서울특별시 강남구 밤고개로165,서울특별시 강남구청,02-451-1225,2026-01-06,2026-01-20,인터넷,선착순,www.longlearn.go.kr,N,N,N,2026-04-08
[수서1] 금쪽미술심리상담소 (자격준비반),문주,2026-01-26,2026-04-27,10:00,12:00,자격증,성인,오프라인,월요일,수서평생학습센터 일반강의실,16,72000,서울특별시 강남구 밤고개로165,서울특별시 강남구청,02-451-1225,2025-12-15,2025-12-29,인터넷,선착순,www.longlearn.go.kr,N,N,N,2026-04-08
[수서1](겨울특강) 가족과 함께하는 마술(Magic) 교실,장성원,2026-01-09,2026-01-09,14:00,16:00,기타,성인,오프라인,금요일,수서평생학습센터 일반강의실,8,0,서울특별시 강남구 밤고개로165,서울특별시 강남구청,02-451-1225,2025-12-15,2025-12-29,인터넷,선착순,www.longlearn.go.kr,N,N,N,2026-04-08
[일원1](겨울특강) 워터 소믈리에와 함께하는 건강한 ‘水’다,이한서,2026-01-09,2026-01-09,14:00,16:00,건강,성인,오프라인,금요일,일원평생학습센터 강의실,20,0,서울특별시 강남구 영동대로22,서울특별시 강남구청,02-3423-7955,2025-12-15,2025-12-29,인터넷,선착순,www.longlearn.go.kr,N,N,N,2026-04-08
"[일원1](겨울특강) 닦아보며 배워보는 자녀의 올바른 치아관리(초3,4)",김현숙,2026-01-09,2026-01-09,14:00,16:00,건강,성인,오프라인,금요일,일원평생학습센터 강의실,6,0,서울특별시 강남구 영동대로22,서울특별시 강남구청,02-3423-7955,2025-12-15,2025-12-29,인터넷,선착순,www.longlearn.go.kr,N,N,N,2026-04-08
[논현1](겨울특강) 가족이 함께하는 체스교실,이선우,2026-01-09,2026-01-09,10:00,12:00,기타,성인,오프라인,금요일,논현글로벌평생학습센터 3층 3강의실,8,0,서울특별시 강남구 논현로 131길 40,서울특별시 강남구청,02-788-4292,2025-12-15,2025-12-29,인터넷,선착순,www.longlearn.go.kr,N,N,N,2026-04-08
"[일원1](겨울특강) 닦아보며 배워보는 자녀의 올바른 치아관리(초1,2)",김현숙,2026-01-09,2026-01-09,10:00,12:00,건강,성인,오프라인,금요일,일원평생학습센터 강의실,6,0,서울특별시 강남구 영동대로22,서울특별시 강남구청,02-3423-7955,2025-12-15,2025-12-29,인터넷,선착순,www.longlearn.go.kr,N,N,N,2026-04-08
[논현1](겨울특강) 나만의 촉촉한 립글로스와 핸드크림 만들기,신혜선,2026-01-08,2026-01-08,14:00,16:00,기타,성인,오프라인,목요일,논현글로벌평생학습센터 3층 3강의실,15,0,서울특별시 강남구 논현로 131길 40,서울특별시 강남구청,02-788-4292,2025-12-15,2025-12-23,인터넷,선착순,www.longlearn.go.kr,N,N,N,2026-04-08
[수서1](겨울특강) 오르세&오랑주리 미술관 컬렉션을 만나다,김현진,2026-01-08,2026-01-08,14:00,16:00,미술/서예,성인,오프라인,목요일,수서평생학습센터 일반강의실,16,0,서울특별시 강남구 밤고개로165,서울특별시 강남구청,02-451-1225,2025-12-15,2025-12-29,인터넷,선착순,www.longlearn.go.kr,N,N,N,2026-04-08
[논현1](겨울특강) 진저브래드맨 스토리와 쿠키 만들기,앤드류 P. 오토(Andrew P. Otto),2026-01-08,2026-01-08,14:00,16:00,요리,성인,오프라인,목요일,논현글로벌평생학습센터 3층 2강의실,8,0,서울특별시 강남구 논현로 131길 40,서울특별시 강남구청,02-788-4292,2025-12-15,2025-12-29,인터넷,선착순,www.longlearn.go.kr,N,N,N,2026-04-08
[일원1](겨울특강) 가족과 함께 4칸 캐리어 만들기,이실란,2026-01-08,2026-01-08,14:00,16:00,도자기/공예,성인,오프라인,목요일,일원평생학습센터 강의실,8,0,서울특별시 강남구 영동대로22,서울특별시 강남구청,02-3423-7955,2025-12-15,2025-12-29,인터넷,선착순,www.longlearn.go.kr,N,N,N,2026-04-08
"[개포1]((겨울특강)가족요리,우리 가족의 달콤한 새해 쿠키",이윤주,2026-01-08,2026-01-08,14:00,16:00,요리,성인,오프라인,목요일,개포평생학습센터 요리실,8,0,서울특별시 강남구 개포로410,서울특별시 강남구청,02-529-1225,2025-12-15,2025-12-29,인터넷,선착순,www.longlearn.go.kr,N,N,N,2026-04-08
[일원1](겨울특강) 영업왕 출신 정신과 의사가 전하는 관계를 만드는 소통법,이선환,2026-01-08,2026-01-08,10:00,12:00,건강,성인,오프라인,목요일,일원평생학습센터 강의실,50,0,서울특별시 강남구 영동대로22,서울특별시 강남구청,02-3423-7955,2025-12-15,2025-12-29,인터넷,선착순,www.longlearn.go.kr,N,N,N,2026-04-08
[논현1](겨울특강) 가족이 함께하는 마술(Magic)교실,장성원,2026-01-08,2026-01-08,10:00,12:00,기타,성인,오프라인,목요일,논현글로벌평생학습센터 3층 3강의실,8,0,서울특별시 강남구 논현로 131길 40,서울특별시 강남구청,02-788-4292,2025-12-15,2025-12-29,인터넷,선착순,www.longlearn.go.kr,N,N,N,2026-04-08
[일원1](겨울특강) 가족과 함께 낙엽송 트레이(나무쟁반) 만들기,이실란,2026-01-08,2026-01-08,10:00,12:00,도자기/공예,성인,오프라인,목요일,일원평생학습센터 강의실,8,0,서울특별시 강남구 영동대로22,서울특별시 강남구청,02-3423-7955,2025-12-15,2025-12-29,인터넷,선착순,www.longlearn.go.kr,N,N,N,2026-04-08
"[일원1](겨울특강) 손 끝에 담은 마음, 우리가족 감성 수제도장",채영미,2026-01-07,2026-01-07,14:00,16:00,도자기/공예,성인,오프라인,수요일,일원평생학습센터 강의실,12,0,서울특별시 강남구 영동대로22,서울특별시 강남구청,02-3423-7955,2025-12-15,2025-12-29,인터넷,선착순,www.longlearn.go.kr,N,N,N,2026-04-08
"[수서1](겨울특강) 가족과 함께 달콤 디저트,과일&눈꽃 화과자",김하연,2026-01-07,2026-01-07,14:00,16:00,요리,성인,오프라인,수요일,수서평생학습센터 일반강의실,8,0,서울특별시 강남구 밤고개로165,서울특별시 강남구청,02-451-1225,2025-12-15,2025-12-29,인터넷,선착순,www.longlearn.go.kr,N,N,N,2026-04-08
"[개포1]((겨울특강)가족요리,미트볼&나폴리탄스파게티",박미현,2026-01-07,2026-01-07,14:00,16:00,요리,성인,오프라인,수요일,개포평생학습센터 요리실,8,0,서울특별시 강남구 개포로410,서울특별시 강남구청,02-529-1225,2025-12-15,2025-12-29,인터넷,선착순,www.longlearn.go.kr,N,N,N,2026-04-08
[수서1](겨울특강) 가족과 함께 목공체험(독서대)하기,이실란,2026-01-07,2026-01-07,10:00,12:00,도자기/공예,성인,오프라인,수요일,수서평생학습센터 일반강의실,8,0,서울특별시 강남구 밤고개로165,서울특별시 강남구청,02-451-1225,2025-12-15,2025-12-29,인터넷,선착순,www.longlearn.go.kr,N,N,N,2026-04-08
"[개포1](겨울특강)가족요리,터키슬라이스샌드위치&사과도넛",박미현,2026-01-07,2026-01-07,10:00,12:00,요리,성인,오프라인,수요일,개포평생학습센터 요리실,8,0,서울특별시 강남구 개포로410,서울특별시 강남구청,02-529-1225,2025-12-15,2025-12-29,인터넷,선착순,www.longlearn.go.kr,N,N,N,2026-04-08
[일원1](겨울특강) 가족과 함께하는 마술(Magic) 교실,장성원,2026-01-05,2026-01-05,10:00,12:00,기타,성인,오프라인,월요일,일원평생학습센터 강의실,8,0,서울특별시 강남구 영동대로22,서울특별시 강남구청,02-3423-7955,2025-12-15,2025-12-29,인터넷,선착순,www.longlearn.go.kr,N,N,N,2026-04-08
[수서1](겨울특강) 미술치료사와 함께하는 우리아이 마음읽기,문주,2026-01-05,2026-01-05,10:00,12:00,인문/독서,성인,오프라인,월요일,수서평생학습센터 일반강의실,8,0,서울특별시 강남구 밤고개로165,서울특별시 강남구청,02-451-1225,2025-12-15,2025-12-29,인터넷,선착순,www.longlearn.go.kr,N,N,N,2026-04-08
"[개포1](겨울특강)가족요리,문어소세지가 퐁당퐁당 카레떡볶이",안응자,2026-01-05,2026-01-05,10:00,12:00,요리,성인,오프라인,월요일,개포평생학습센터 요리실,8,0,서울특별시 강남구 개포로410,서울특별시 강남구청,02-529-1225,2025-12-15,2025-12-29,인터넷,선착순,www.longlearn.go.kr,N,N,N,2026-04-08
